edinet_code,sec_code,filer_name
E00012,13010,株式会社　極洋
E39268,130A0,株式会社Ｖｅｒｉｔａｓ　Ｉｎ　Ｓｉｌｉｃｏ
E00014,13320,株式会社ニッスイ
E00014,13320,日本水産株式会社
E00015,13330,Ｕｍｉｏｓ株式会社
E00015,13330,マルハニチロ株式会社
E00017,13520,株式会社ホウスイ
E39382,135A0,株式会社ＶＲＡＩＮ　Ｓｏｌｕｔｉｏｎ
E00007,13750,ユキグニファクトリー株式会社
E00007,13750,株式会社雪国まいたけ
E00004,13760,カネコ種苗株式会社
E00006,13770,株式会社　サカタのタネ
E00008,13790,ホクト株式会社
E39349,137A0,Ｃｏｃｏｌｉｖｅ株式会社
E00344,13800,株式会社秋川牧園
E00009,13810,株式会社アクシーズ
E00010,13820,株式会社ホーブ
E25969,13830,ベルグアース株式会社
E31220,13840,株式会社　ホクリヨウ
E39377,138A0,光フードサービス株式会社
E05479,14000,ルーデン・ホールディングス株式会社
E00323,14010,株式会社エムビーエス
E00327,14070,株式会社ウエストホールディングス
E00325,14130,株式会社ヒノキヤグループ
E00329,14140,ショーボンドホールディングス株式会社
E24558,14170,株式会社ミライト・ワン
E24558,14170,株式会社ミライト・ホールディングス
E24512,14180,インターライフホールディングス株式会社
E27305,14190,タマホーム株式会社
E38525,141A0,株式会社トライアルホールディングス
E27273,14200,サンヨーホームズ株式会社
E30126,14290,株式会社日本アクア
E39367,142A0,株式会社ジンジブ
E31306,14300,ファーストコーポレーション株式会社
E31614,14310,株式会社Ｌｉｂ　Ｗｏｒｋ
E31731,14330,ベステラ株式会社
E31741,14340,ＪＥＳＣＯホールディングス株式会社
E31925,14350,株式会社Ｒｏｂｏｔ　Ｈｏｍｅ
E31925,14350,株式会社ｒｏｂｏｔ　ｈｏｍｅ
E31925,14350,株式会社ＴＡＴＥＲＵ
E32163,14360,株式会社フィット
E32163,14360,株式会社ＧｒｅｅｎＥｎｅｒｇｙ＆Ｃｏｍｐａｎｙ
E32163,14360,株式会社グリーンエナジー＆カンパニー
E32682,14380,株式会社岐阜造園
E32906,14390,株式会社安江工務店
E39406,143A0,イシン株式会社
E33535,14430,技研ホールディングス株式会社
E33910,14440,株式会社ニッソウ
E34095,14460,株式会社キャンディル
E34165,14470,ＩＴｂｏｏｋホールディングス株式会社
E34165,14470,ＳＡＡＦホールディングス株式会社
E34109,14480,株式会社スペースバリューホールディングス
E34471,14490,株式会社ＦＵＪＩジャパン
E34486,14500,ＴＡＮＡＫＥＮ株式会社
E34486,14500,田中建設工業株式会社
E34679,14510,株式会社ＫＨＣ
E39409,145A0,株式会社Ｌ　ｉｓ　Ｂ
E39407,146A0,コロンビア・ワークス株式会社
E39483,147A0,株式会社ソラコム
E39410,148A0,株式会社ハッチ・ワーク
E00027,14910,中外鉱業株式会社
E39161,149A0,株式会社シンカ
E39184,150A0,株式会社ＪＳＨ
E21342,15140,住石ホールディングス株式会社
E00036,15150,日鉄鉱業株式会社
E00037,15180,三井松島ホールディングス株式会社
E39476,151A0,株式会社ダイブ
E39397,153A0,株式会社カウリス
E39405,155A0,株式会社情報戦略テクノロジー
E39473,156A0,マテリアルグループ株式会社
E39408,157A0,グリーンモンスター株式会社
E00043,16050,株式会社ＩＮＰＥＸ
E00043,16050,国際石油開発帝石株式会社
E39448,160A0,株式会社アズパートナーズ
E39170,165A0,ＳＢＩレオスひふみ株式会社
E00041,16620,石油資源開発株式会社
E30048,16630,Ｋ＆Ｏエナジーグループ株式会社
E39259,166A0,株式会社タスキホールディングス
E39254,167A0,リョーサン菱洋ホールディングス株式会社
E39273,168A0,株式会社イタミアート
E05452,17110,株式会社省電舎ホールディングス
E05452,17110,株式会社ＳＤＳホールディングス
E05444,17120,株式会社ダイセキ環境ソリューション
E00320,17160,第一カッター興業株式会社
E05377,17170,明豊ファシリティワークス株式会社
E00315,17180,美樹工業株式会社
E00317,17190,株式会社安藤・間
E00316,17200,東急建設株式会社
E00322,17210,コムシスホールディングス株式会社
E00313,17230,日本電技株式会社
E05326,17240,シンクレイヤ株式会社
E00312,17260,株式会社ビーアールホールディングス
E00309,17280,ミサワホーム中国株式会社
E00308,17300,麻生フオームクリート株式会社
E00306,17340,株式会社北弘電社
E00304,17360,株式会社　オーテック
E00303,17370,三井金属エンジニアリング株式会社
E05065,17380,株式会社ニットー
E00302,17390,株式会社メルディアＤＣ
E00302,17390,シード平和株式会社
E39460,173A0,株式会社ハンモック
E00299,17430,コーアツ工業株式会社
E00288,17570,中小企業ホールディングス株式会社
E00288,17570,株式会社創建エース
E00288,17570,クレアホールディングス株式会社
E00287,17580,太洋基礎工業株式会社
E39487,175A0,株式会社Ｗｉｌｌ　Ｓｍａｒｔ
E00285,17620,株式会社髙松コンストラクショングループ
E00282,17640,工藤建設株式会社
E00281,17660,東建コーポレーション株式会社
E00279,17680,株式会社ソネック
E39488,176A0,レジル株式会社
E00277,17700,藤田エンジニアリング株式会社
E00276,17710,日本乾溜工業株式会社
E00273,17750,富士古河Ｅ＆Ｃ株式会社
E00272,17760,三井住建道路株式会社
E00271,17770,川崎設備工業株式会社
E38689,177A0,コージンバイオ株式会社
E00268,17800,株式会社　ヤマウラ
E00267,17820,常磐開発株式会社
E00263,17830,株式会社ｆａｎｔａｓｉｓｔａ
E00263,17830,株式会社アジアゲートホールディングス
E36102,17860,オリエンタル白石株式会社
E00260,17870,株式会社ナカボーテック
E00259,17880,株式会社三東工業社
E00258,17890,株式会社ＥＴＳホールディングス
E00255,17930,株式会社大本組
E00254,17950,株式会社マサル
E00251,17980,株式会社守谷商会
E00250,17990,第一建設工業株式会社
E00052,18010,大成建設株式会社
E00055,18020,株式会社大林組
E00053,18030,清水建設株式会社
E00063,18050,飛島建設株式会社
E00167,18070,株式会社佐藤渡辺
E00090,18080,株式会社　長谷工コーポレーション
E00064,18100,松井建設株式会社
E00069,18110,株式会社錢高組
E00058,18120,鹿島建設株式会社
E00097,18130,株式会社不動テトラ
E00093,18140,大末建設株式会社
E00065,18150,鉄建建設株式会社
E00060,18200,西松建設株式会社
E00085,18210,三井住友建設株式会社
E00095,18220,大豊建設株式会社
E00051,18240,前田建設工業株式会社
E00121,18260,佐田建設株式会社
E00105,18270,株式会社ナカノフドー建設
E00242,18280,田辺工業株式会社
E01855,18320,株式会社北海電工
E01855,18320,北海電気工事株式会社
E00083,18330,株式会社奥村組
E00112,18350,東鉄工業株式会社
E00240,18400,株式会社土屋ホールディングス
E00101,18410,サンユー建設株式会社
E00239,18440,株式会社大盛工業
E00117,18470,株式会社イチケン
E00238,18480,株式会社富士ピー・エス
E39653,184A0,株式会社学びエイド
E00118,18500,南海辰村建設株式会社
E00120,18520,株式会社淺沼組
E00130,18530,株式会社　森組
E00147,18600,戸田建設株式会社
E00056,18610,株式会社　熊谷組
E00175,18660,北野建設株式会社
E00179,18670,株式会社植木組
E00201,18690,名工建設株式会社
E39661,186A0,株式会社アストロスケールホールディングス
E00148,18700,矢作建設工業株式会社
E01161,18710,ピーエス・コンストラクション株式会社
E01161,18710,株式会社ピーエス三菱
E00197,18730,株式会社日本ハウスホールディングス
E00218,18780,大東建託株式会社
E00221,18790,新日本建設株式会社
E00049,18810,株式会社ＮＩＰＰＯ
E00066,18820,東亜道路工業株式会社
E00061,18830,前田道路株式会社
E00067,18840,日本道路株式会社
E00080,18850,東亜建設工業株式会社
E00059,18870,日本国土開発株式会社
E00081,18880,若築建設株式会社
E00082,18900,東洋建設株式会社
E00079,18920,徳倉建設株式会社
E00086,18930,五洋建設株式会社
E00133,18970,金下建設株式会社
E00176,18980,世紀東急工業株式会社
E00196,18990,株式会社福田組
E39646,189A0,株式会社Ｄ＆Ｍカンパニー
E00233,19040,大成温調株式会社
E00232,19050,株式会社テノックス
E25282,19090,日本ドライケミカル株式会社
E38905,190A0,Ｃｈｏｒｄｉａ　Ｔｈｅｒａｐｅｕｔｉｃｓ株式会社
E00011,19110,住友林業株式会社
E00204,19140,日本基礎技術株式会社
E01394,19210,株式会社　巴コーポレーション
E00048,19250,大和ハウス工業株式会社
E00098,19260,ライト工業株式会社
E00143,19280,積水ハウス株式会社
E00142,19290,日特建設株式会社
E37627,192A0,インテグループ株式会社
E00207,19300,北陸電気工事株式会社
E00137,19340,株式会社ユアテック
E00185,19380,日本リーテック株式会社
E00181,19390,株式会社四電工
E00073,19410,株式会社中電工
E00074,19420,株式会社関電工
E00075,19440,株式会社きんでん
E00092,19450,株式会社東京エネシス
E00076,19460,株式会社トーエネック
E02569,19480,株式会社弘電社
E00114,19490,住友電設株式会社
E39640,194A0,株式会社ＷＯＬＶＥＳ　ＨＡＮＤ
E00115,19500,日本電設工業株式会社
E00094,19510,エクシオグループ株式会社
E00094,19510,株式会社協和エクシオ
E00227,19520,新日本空調株式会社
E00078,19540,日本工営株式会社
E00146,19590,株式会社クラフティア
E00146,19590,株式会社九電工
E39662,195A0,株式会社ライスカレー
E39662,195A0,株式会社ＭＵＳＣＡＴ　ＧＲＯＵＰ
E00173,19600,株式会社サンテック
E00107,19610,三機工業株式会社
E01575,19630,日揮ホールディングス株式会社
E00119,19640,中外炉工業株式会社
E00225,19650,株式会社テクノ菱和
E00209,19660,株式会社　高田工業所
E00138,19670,株式会社ヤマト
E00113,19680,太平電業株式会社
E00149,19690,高砂熱学工業株式会社
E39668,196A0,株式会社ＭＦＳ
E00091,19710,中央ビルト工業株式会社
E00109,19720,三晃金属工業株式会社
E00210,19730,ＮＥＣネッツエスアイ株式会社
E00153,19750,株式会社朝日工業社
E00161,19760,明星工業株式会社
E00183,19790,株式会社大気社
E39645,197A0,株式会社タウンズ
E00194,19800,ダイダン株式会社
E00189,19810,株式会社協和日成
E00168,19820,日比谷総合設備株式会社
E39708,198A0,ＰｏｓｔＰｒｉｍｅ株式会社
E00182,19920,神田通信機株式会社
E00222,19940,高橋カーテンウォール工業株式会社
E00246,19970,暁飯島工業株式会社
E00248,19990,サイタホールディングス株式会社
E00345,20010,株式会社ニップン
E00346,20020,株式会社日清製粉グループ本社
E00347,20030,日東富士製粉株式会社
E00348,20040,昭和産業株式会社
E00351,20090,鳥越製粉株式会社
E39691,202A0,株式会社豆蔵デジタルホールディングス
E00439,20530,中部飼料株式会社
E00454,20550,日和産業株式会社
E00502,20580,株式会社ヒガシマル
E39671,205A0,株式会社ロゴスホールディングス
E30728,20600,フィード・ワン株式会社
E39751,206A0,株式会社ＰＲＩＳＭ　ＢｉｏＬａｂ
E39505,208A0,株式会社構造計画研究所ホールディングス
E00354,21070,東洋精糖株式会社
E00355,21080,日本甜菜製糖株式会社
E00356,21090,ＤＭ三井製糖株式会社
E00356,21090,三井製糖株式会社
E00356,21090,ＤＭ三井製糖ホールディングス株式会社
E00361,21120,塩水港精糖株式会社
E00360,21140,フジ日本精糖株式会社
E00360,21140,フジ日本株式会社
E25648,21170,日新製糖株式会社
E25648,21170,ウェルネオシュガー株式会社
E39729,211A0,株式会社カドス・コーポレーション
E05624,21200,株式会社ＬＩＦＵＬＬ
E05617,21210,株式会社ＭＩＸＩ
E05617,21210,株式会社ミクシィ
E05623,21220,株式会社インタースペース
E05625,21240,株式会社ジェイエイシーリクルートメント
E05629,21270,株式会社日本Ｍ＆Ａセンター
E05629,21270,株式会社日本Ｍ＆Ａセンターホールディングス
E39732,212A0,フィットイージー株式会社
E05153,21300,株式会社メンバーズ
E03745,21340,燦キャピタルマネージメント株式会社
E03745,21340,北浜キャピタルパートナーズ株式会社
E05657,21360,株式会社ヒップ
E05670,21370,株式会社光ハイツ・ヴェラス
E05621,21380,クルーズ株式会社
E05668,21390,株式会社中広
E05698,21460,ＵＴグループ株式会社
E05686,21480,アイティメディア株式会社
E05684,21500,株式会社ケアネット
E05685,21510,株式会社タケエイ
E05691,21520,幼児活動研究会株式会社
E05706,21530,Ｅ・Ｊホールディングス株式会社
E05695,21540,株式会社ビーネックスグループ
E05695,21540,株式会社夢真ビーネックスグループ
E05695,21540,株式会社オープンアップグループ
E05701,21560,セーラー広告株式会社
E04751,21570,株式会社コシダカホールディングス
E05700,21580,株式会社ＦＲＯＮＴＥＯ
E05704,21590,株式会社フルスピード
E39760,215A0,株式会社タイミー
E05712,21600,株式会社ジーエヌアイグループ
E05676,21620,ｎｍｓホールディングス株式会社
E05717,21630,株式会社アルトナー
E05716,21640,株式会社地域新聞社
E05729,21680,株式会社パソナグループ
E05726,21690,ＣＤＳ株式会社
E05727,21700,株式会社リンクアンドモチベーション
E05740,21720,株式会社インサイト
E05737,21730,株式会社博展
E05733,21740,ＧＣＡ株式会社
E05697,21750,株式会社エス・エム・エス
E20922,21760,株式会社イナリサーチ
E21322,21780,株式会社トライステージ
E21514,21790,株式会社成学社
E21381,21800,株式会社サニーサイドアップグループ
E21381,21800,株式会社サニーサイドアップ
E21261,21810,パーソルホールディングス株式会社
E21706,21830,株式会社リニカル
E22042,21850,株式会社シイエム・シイ
E22049,21860,ソーバル株式会社
E39788,218A0,株式会社Ｌｉｂｅｒａｗａｒｅ
E22621,21910,テラ株式会社
E22663,21930,クックパッド株式会社
E23634,21950,アミタホールディングス株式会社
E24017,21960,株式会社エスクリ
E24550,21980,アイ・ケイ・ケイホールディングス株式会社
E24550,21980,アイ・ケイ・ケイ株式会社
E39759,219A0,Ｈｅａｒｔｓｅｅｄ株式会社
E00369,22010,森永製菓株式会社
E00372,22040,株式会社中村屋
E00373,22060,江崎グリコ株式会社
E00376,22070,株式会社ｍｅｉｔｏ
E00376,22070,名糖産業株式会社
E00380,22080,株式会社ブルボン
E00371,22090,井村屋グループ株式会社
E39778,220A0,株式会社Ｆａｂｅｒ　Ｃｏｍｐａｎｙ
E00374,22110,株式会社不二家
E00375,22120,山崎製パン株式会社
E00377,22150,第一屋製パン株式会社
E00378,22160,カンロ株式会社
E00381,22170,モロゾフ株式会社
E00382,22180,日糧製パン株式会社
E00385,22200,亀田製菓株式会社
E00386,22210,岩塚製菓株式会社
E00387,22220,寿スピリッツ株式会社
E00388,22240,株式会社コモ
E00389,22260,株式会社湖池屋
E25303,22290,カルビー株式会社
E26570,22300,五洋食品産業株式会社
E00331,22640,森永乳業株式会社
E00337,22660,六甲バター株式会社
E00406,22670,株式会社ヤクルト本社
E00474,22680,Ｂ－Ｒ　サーティワン　アイスクリーム株式会社
E21902,22690,明治ホールディングス株式会社
E23202,22700,雪印メグミルク株式会社
E00335,22810,プリマハム株式会社
E00334,22820,日本ハム株式会社
E00443,22860,林兼産業株式会社
E00458,22880,丸大食品株式会社
E39846,228A0,株式会社オプロ
E00341,22910,福留ハム株式会社
E00342,22920,エスフーズ株式会社
E00343,22930,滝沢ハム株式会社
E03283,22940,株式会社柿安本店
E32069,22960,伊藤ハム米久ホールディングス株式会社
E05278,23000,株式会社きょくとう
E05286,23010,株式会社学情
E05289,23030,株式会社ドーン
E05288,23040,株式会社ＣＳＳホールディングス
E03393,23050,株式会社スタジオアリス
E05291,23070,株式会社クロスキャット
E05292,23090,シミックホールディングス株式会社
E05293,23110,株式会社エプコ
E05331,23150,株式会社ＣＡＩＣＡ　ＤＩＧＩＴＡＬ
E05331,23150,株式会社ＣＡＩＣＡ
E05283,23170,株式会社システナ
E39864,231A0,Ｃｒｏｓｓ　Ｅホールディングス株式会社
E05297,23210,株式会社ソフトフロントホールディングス
E05302,23230,株式会社ｆｏｎｆｕｎ
E05299,23250,株式会社ＮＪＳ
E05303,23260,デジタルアーツ株式会社
E05304,23270,日鉄ソリューションズ株式会社
E05307,23290,株式会社東北新社
E05308,23300,株式会社フォーサイド
E05309,23310,綜合警備保障株式会社
E05309,23310,ＡＬＳＯＫ株式会社
E05310,23320,株式会社クエスト
E33595,23340,株式会社イオレ
E05312,23350,株式会社キューブシステム
E05314,23370,いちご株式会社
E05315,23380,株式会社ビットワングループ
E05315,23380,クオンタムソリューションズ株式会社
E04727,23400,株式会社　極楽湯ホールディングス
E05316,23410,株式会社アルバイトタイムス
E05317,23420,株式会社トランスジェニックグループ
E05317,23420,株式会社トランスジェニック
E05319,23440,平安レイサービス株式会社
E05320,23450,株式会社クシム
E05320,23450,株式会社ＨＯＤＬ１
E05322,23490,株式会社エヌアイデイ
E05324,23510,株式会社ＡＳＪ
E05513,23520,株式会社エイジア
E05513,23520,株式会社ＷＯＷ　ＷＯＲＬＤ
E05327,23530,日本駐車場開発株式会社
E05328,23540,株式会社ＹＥ　ＤＩＧＩＴＡＬ
E05332,23590,株式会社コア
E05335,23620,株式会社夢真ホールディングス
E05351,23700,株式会社メディネット
E05350,23710,株式会社カカクコム
E05352,23720,株式会社アイロムグループ
E05353,23730,株式会社ケア２１
E05354,23740,セントケア・ホールディング株式会社
E05356,23750,ギグワークス株式会社
E00744,23760,株式会社　サイネックス
E05361,23780,株式会社ルネサンス
E05368,23790,ディップ株式会社
E04224,23840,ＳＢＳホールディングス株式会社
E05367,23850,株式会社総医研ホールディングス
E00745,23880,株式会社ウェッジホールディングス
E05374,23890,株式会社デジタルホールディングス
E05378,23910,株式会社プラネット
E05381,23930,株式会社日本ケアサプライ
E05385,23950,株式会社新日本科学
E05389,23970,株式会社ＤＮＡチップ研究所
E05393,23980,株式会社ツクイホールディングス
E05403,24020,株式会社アマナ
E05409,24040,株式会社鉄人化計画
E05409,24040,株式会社鉄人化ホールディングス
E05408,24060,株式会社アルテサロンホールディングス
E05416,24080,株式会社ＫＧ情報
E05419,24100,株式会社キャリアデザインセンター
E05417,24110,ゲンダイエージェンシー株式会社
E05423,24120,株式会社ベネフィット・ワン
E05425,24130,エムスリー株式会社
E05428,24150,ヒューマンホールディングス株式会社
E05411,24180,株式会社ツカダ・グローバルホールディング
E39906,241A0,株式会社ＲＯＸＸ
E32119,24240,株式会社ブラス
E05440,24250,株式会社ケアサービス
E05447,24270,株式会社アウトソーシング
E05458,24280,ウェルネット株式会社
E05467,24290,株式会社ワールドホールディングス
E39920,242A0,株式会社リプライオリティ
E05460,24320,株式会社ディー・エヌ・エー
E05410,24330,株式会社博報堂ＤＹホールディングス
E05478,24350,株式会社シダー
E05477,24360,共同ピーアール株式会社
E05450,24370,Ｓｈｉｎｗａ　Ｗｉｓｅ　Ｈｏｌｄｉｎｇｓ株式会社
E05483,24380,株式会社アスカネット
E05456,24400,株式会社ぐるなび
E05493,24450,株式会社タカミヤ
E05498,24490,株式会社プラップジャパン
E39961,244A0,グロースエクスパートナーズ株式会社
E05509,24530,ジャパンベストレスキューシステム株式会社
E05514,24540,株式会社オールアバウト
E05527,24590,アウンコンサルティング株式会社
E39928,245A0,株式会社ＩＮＧＳ
E05533,24610,株式会社ファンコミュニケーションズ
E05536,24620,ライク株式会社
E05524,24640,株式会社ＡｏｂａーＢＢＴ
E05524,24640,株式会社ビジネス・ブレークスルー
E05544,24670,株式会社バルクホールディングス
E05544,24670,株式会社ＶＬＣセキュリティ
E05535,24680,株式会社フュートレック
E05550,24690,ヒビノ株式会社
E39936,246A0,株式会社アスア
E05555,24710,株式会社エスプール
E05560,24750,ＷＤＢホールディングス株式会社
E05564,24770,手間いらず株式会社
E05569,24790,株式会社ジェイテック
E39903,247A0,Ａｉロボティクス株式会社
E05575,24800,システム・ロケーション株式会社
E05576,24810,株式会社タウンニュース社
E05579,24830,株式会社翻訳センター
E05584,24840,株式会社出前館
E05585,24850,株式会社ティア
E05598,24870,株式会社ＣＤＧ
E05593,24880,ＪＴＰ株式会社
E05593,24880,日本サード・パーティ株式会社
E05599,24890,株式会社アドウェイズ
E39449,248A0,株式会社キッズスター
E05149,24910,バリューコマース株式会社
E05609,24920,株式会社インフォマート
E05611,24930,イーサポートリンク株式会社
E05562,24970,ユナイテッド株式会社
E05646,24980,株式会社オリエンタルコンサルタンツホールディングス
E05631,24990,日本和装ホールディングス株式会社
E00393,25010,サッポロホールディングス株式会社
E00393,25010,サッポロビール株式会社
E00394,25020,アサヒグループホールディングス株式会社
E00395,25030,キリンホールディングス株式会社
E00467,250A0,シマダヤ株式会社
E00396,25310,宝ホールディングス株式会社
E00397,25330,オエノンホールディングス株式会社
E39677,253A0,株式会社ＥＴＳグループ
E00400,25400,養命酒製造株式会社
E39737,254A0,ＡＩフュージョンキャピタルグループ株式会社
E00422,25510,マルサンアイ株式会社
E39741,255A0,ジーエルテクノホールディングス株式会社
E39785,256A0,飛島ホールディングス株式会社
E00408,25730,北海道コカ・コーラボトリング株式会社
E00417,25790,コカ・コーラ　ボトラーズジャパンホールディングス株式会社
E00417,25790,コカ・コーラボトラーズジャパンホールディングス株式会社
E37165,25850,株式会社ライフドリンク　カンパニー
E31035,25860,株式会社フルッタフルッタ
E27622,25870,サントリー食品インターナショナル株式会社
E27622,25870,サントリービバレッジ＆フード株式会社
E27294,25880,株式会社プレミアムウォーターホールディングス
E00424,25900,ダイドーグループホールディングス株式会社
E00414,25930,株式会社伊藤園
E00491,25940,キーコーヒー株式会社
E00505,25970,株式会社ユニカフェ
E00421,25990,ジャパンフーズ株式会社
E39945,259A0,株式会社ケイ・ウノ
E00428,26020,日清オイリオグループ株式会社
E00431,26070,不二製油グループ本社株式会社
E00431,26070,不二製油株式会社
E39967,260A0,株式会社オルツ
E00433,26120,かどや製油株式会社
E00434,26130,株式会社Ｊ－オイルミルズ
E40019,261A0,株式会社日水コン
E03492,262A0,株式会社インターメスティック
E40034,263A0,株式会社デジタルキューブ
E40018,264A0,株式会社Ｓｃｈｏｏ
E03345,26510,株式会社ローソン
E03347,26520,株式会社まんだらけ
E03349,26530,イオン九州株式会社
E02917,26540,株式会社アスモ
E05112,26560,株式会社ベクターホールディングス
E05112,26560,株式会社ベクター
E03352,26590,株式会社サンエー
E40058,265A0,Ｈｍｃｏｍｍ株式会社
E03356,26640,株式会社カワチ薬品
E03355,26660,株式会社　オートウェーブ
E02922,26670,株式会社イメージワン
E02923,26680,タビオ株式会社
E03358,26690,カネ美食品株式会社
E02925,26700,株式会社エービーシー・マート
E03360,26730,夢みつけ隊株式会社
E03361,26740,株式会社ハードオフコーポレーション
E03359,26750,株式会社ダイナックホールディングス
E02927,26760,高千穂交易株式会社
E03363,26780,アスクル株式会社
E03367,26810,株式会社ゲオホールディングス
E03365,26830,株式会社魚喜
E03368,26850,株式会社アダストリア
E03368,26850,株式会社アンドエスティＨＤ
E03370,26860,株式会社ジーフット
E03372,26870,株式会社シー・ヴイ・エス・ベイエリア
E02928,26890,オルバヘルスケアホールディングス株式会社
E39892,268A0,リガク・ホールディングス株式会社
E02931,26920,伊藤忠食品株式会社
E02932,26930,ＹＫＴ株式会社
E03374,26940,株式会社ジー・テイスト
E03374,26940,株式会社焼肉坂井ホールディングス
E03375,26950,くら寿司株式会社
E03377,26980,株式会社キャンドゥ
E39968,269A0,株式会社Ｓａｐｅｅｔ
E02934,27000,木徳神糧株式会社
E03366,27020,日本マクドナルドホールディングス株式会社
E03380,27050,株式会社大戸屋ホールディングス
E02463,27060,株式会社ブロッコリー
E02938,27080,株式会社久世
E02940,27140,プラマテルズ株式会社
E02941,27150,エレマテック株式会社
E05241,27210,株式会社ジェイホールディングス
E03386,27220,株式会社ＩＫホールディングス
E03386,27220,株式会社アイケイ
E03387,27260,株式会社パルグループホールディングス
E04761,27290,株式会社ＪＡＬＵＸ
E39812,272A0,株式会社グリーンクロスホールディングス
E03399,27300,株式会社エディオン
E02947,27330,株式会社あらた
E03408,27340,株式会社サーラコーポレーション
E03391,27350,株式会社ワッツ
E03392,27360,フェスタリアホールディングス株式会社
E02946,27370,株式会社トーメンデバイス
E03395,27420,株式会社ハローズ
E02949,27430,ピクセルカンパニーズ株式会社
E03397,27470,北雄ラッキー株式会社
E05306,27490,株式会社ＪＰホールディングス
E40066,274A0,株式会社ガーデン
E02952,27500,石光商事株式会社
E02953,27510,株式会社テンポスホールディングス
E03400,27520,株式会社フジオフードグループ本社
E03398,27530,株式会社　あみやき亭
E03401,27540,株式会社東葛ホールディングス
E40194,275A0,ハンワホームズ株式会社
E02955,27600,東京エレクトロンデバイス株式会社
E02956,27610,トシン・グループ株式会社
E03404,27620,株式会社　三光マーケティングフーズ
E03404,27620,株式会社ＳＡＮＫＯ　ＭＡＲＫＥＴＩＮＧ　ＦＯＯＤＳ
E03405,27630,株式会社エフティグループ
E03406,27640,株式会社ひらまつ
E03407,27670,フィールズ株式会社
E03407,27670,円谷フィールズホールディングス株式会社
E02958,27680,双日株式会社
E03409,27690,株式会社ヴィレッジヴァンガードコーポレーション
E40130,276A0,ククレブ・アドバイザーズ株式会社
E02959,27730,株式会社ミューチュアル
E02960,27760,新都ホールディングス株式会社
E02961,27770,株式会社カッシーナ・イクスシー
E03415,27780,パレモ・ホールディングス株式会社
E40147,277A0,グロービング株式会社
E03416,27800,株式会社コメ兵ホールディングス
E03418,27820,株式会社セリア
E02962,27840,アルフレッサホールディングス株式会社
E02963,27880,アップルインターナショナル株式会社
E03422,27890,株式会社カルラ
E40060,278A0,Ｔｅｒｒａ　Ｄｒｏｎｅ株式会社
E03421,27900,株式会社ナフコ
E03423,27910,大黒天物産株式会社
E03424,27920,株式会社ハニーズホールディングス
E02964,27950,日本プリメックス株式会社
E05379,27960,ファーマライズホールディングス株式会社
E03428,27980,株式会社ワイズテーブルコーポレーション
E00435,28010,キッコーマン株式会社
E00436,28020,味の素株式会社
E00466,28040,ブルドックソース株式会社
E00452,28050,ヱスビー食品株式会社
E00465,28060,ユタカフーズ株式会社
E00464,28090,キユーピー株式会社
E40175,280A0,株式会社ＴＭＨ
E00462,28100,ハウス食品グループ本社株式会社
E00444,28110,カゴメ株式会社
E00475,28120,焼津水産化学工業株式会社
E00478,28130,和弘食品株式会社
E00484,28140,佐藤食品工業株式会社
E00486,28150,アリアケジャパン株式会社
E00501,28160,株式会社ダイショー
E00513,28180,株式会社ピエトロ
E00514,28190,エバラ食品工業株式会社
E37563,281A0,インフォメティス株式会社
E32364,28200,株式会社やまみ
E00503,28300,アヲハタ株式会社
E00508,28310,はごろもフーズ株式会社
E35948,285A0,キオクシアホールディングス株式会社
E12328,286A0,株式会社ユカリア
E00446,28710,株式会社ニチレイ
E00447,28720,株式会社セイヒョー
E00447,28720,株式会社　セイヒョー
E02576,28740,横浜冷凍株式会社
E00461,28750,東洋水産株式会社
E00488,28760,株式会社デルソーレ
E00498,28770,日東ベスト株式会社
E40213,287A0,黒田グループ株式会社
E25551,28820,株式会社イートアンドホールディングス
E31012,28830,株式会社大冷
E32138,28840,株式会社ヨシムラ・フード・ホールディングス
E40206,288A0,ラクサス・テクノロジーズ株式会社
E00442,28920,日本食品化工株式会社
E00453,28940,石井食品株式会社
E00457,28970,日清食品ホールディングス株式会社
E00469,28990,株式会社永谷園ホールディングス
E00471,29010,株式会社ウェルディッシュ
E00471,29010,石垣食品株式会社
E00472,29020,太陽化学株式会社
E00473,29030,シノブフーズ株式会社
E00476,29040,一正蒲鉾株式会社
E00477,29050,オーケー食品工業株式会社
E00480,29070,株式会社あじかん
E00481,29080,フジッコ株式会社
E40216,290A0,株式会社Ｓｙｎｓｐｅｃｔｉｖｅ
E00482,29100,株式会社ロック・フィールド
E00487,29110,旭松食品株式会社
E00492,29140,日本たばこ産業株式会社
E00493,29150,ケンコーマヨネーズ株式会社
E00494,29160,仙波糖化工業株式会社
E00495,29170,株式会社大森屋
E00496,29180,わらべや日洋ホールディングス株式会社
E00497,29190,株式会社　マルタイ
E40145,291A0,株式会社リスキル
E00506,29220,株式会社なとり
E00510,29230,サトウ食品株式会社
E00511,29240,イフジ産業株式会社
E00512,29250,株式会社ピックルスコーポレーション
E00515,29260,株式会社　篠崎屋
E01064,29270,株式会社ＡＦＣ－ＨＤアムスライフサイエンス
E00518,29280,ＲＩＺＡＰグループ株式会社
E02484,29290,株式会社ファーマフーズ
E26549,29300,株式会社北の達人コーポレーション
E27054,29310,株式会社ユーグレナ
E35947,29320,株式会社ＳＴＩフードホールディングス
E36466,29330,株式会社紀文食品
E33800,29340,ジェイフロンティア株式会社
E37741,29350,株式会社ピックルスホールディングス
E38104,29360,ベースフード株式会社
E38168,29370,株式会社サンクゼール
E38979,29380,株式会社オカムラ食品工業
E36991,29610,日本調理機株式会社
E38523,29620,株式会社テクニスコ
E40164,296A0,令和アカウンティング・ホールディングス株式会社
E34522,29700,株式会社グッドライフカンパニー
E34522,29700,ＧＬＣ　ＧＲＯＵＰ株式会社
E34944,29740,大英産業株式会社
E34707,29750,スター・マイカ・ホールディングス株式会社
E34938,29760,日本グランデ株式会社
E35028,29780,株式会社ツクルバ
E15690,297A0,アルピコホールディングス株式会社
E35153,29800,ＳＲＥホールディングス株式会社
E35303,29810,株式会社ランディックス
E35340,29820,株式会社ＡＤワークスグループ
E35144,29830,株式会社アールプランナー
E35597,29840,ヤマイチ・ユニハイムエステート株式会社
E35597,29840,ヤマイチエステート株式会社
E35631,29860,株式会社ＬＡホールディングス
E35946,29870,株式会社タスキ
E40253,298A0,ＧＶＡ　ＴＥＣＨ株式会社
E35614,29910,株式会社ランドネット
E37141,29930,株式会社長栄
E37595,29970,株式会社ストレージ王
E37504,29980,クリアル株式会社
E35234,29990,ホームポジション株式会社
E40236,299A0,ｄｅｌｙ株式会社
E40236,299A0,クラシル株式会社
E00524,30010,片倉工業株式会社
E00520,30020,グンゼ株式会社
E00523,30030,ヒューリック株式会社
E02542,30040,神栄株式会社
E40154,300A0,ＭＩＣ株式会社
E00521,30100,ポラリス・ホールディングス株式会社
E00521,30100,価値開発株式会社
E00585,30110,株式会社バナーズ
E03472,30200,アプライド株式会社
E03465,30210,株式会社パシフィックネット
E02547,30230,ラサ商事株式会社
E02997,30240,クリエイト株式会社
E03475,30280,株式会社アルペン
E40215,302A0,株式会社ビースタイルホールディングス
E03473,30300,株式会社ハブ
E05563,30310,株式会社ラクーンホールディングス
E03474,30320,株式会社ゴルフ・ドゥ
E03476,30340,クオールホールディングス株式会社
E02995,30350,ケイティケイ株式会社
E02998,30360,アルコニックス株式会社
E02999,30380,株式会社神戸物産
E40223,303A0,株式会社ｖｉｓｕｍｏ
E05592,30400,株式会社ソリトンシステムズ
E05597,30410,株式会社ビューティ花壇
E05597,30410,株式会社ビューティカダンホールディングス
E05606,30420,株式会社セキュアヴェイル
E03000,30450,株式会社カワサキ
E03471,30460,株式会社ジンズホールディングス
E03482,30470,株式会社ＴＲＵＣＫ－ＯＮＥ
E03481,30480,株式会社ビックカメラ
E40230,304A0,フォルシア株式会社
E03489,30500,ＤＣＭホールディングス株式会社
E03478,30530,株式会社ペッパーフードサービス
E05627,30540,株式会社ハイパー
E03003,30550,株式会社ほくやく・竹山ホールディングス
E03486,30570,株式会社ゼットン
E03487,30580,株式会社三洋堂ホールディングス
E03494,30590,ヒラキ株式会社
E03495,30630,株式会社ジェイグループホールディングス
E03497,30640,株式会社ＭｏｎｏｔａＲＯ
E03490,30650,株式会社ライフフーズ
E03500,30660,株式会社ＪＢイレブン
E03485,30670,株式会社東京一番フーズ
E03496,30680,株式会社ＷＤＩ
E03508,30690,株式会社　ＪＦＬＡホールディングス
E03004,30700,株式会社アマガサ
E03004,30700,株式会社ジェリービーンズグループ
E03506,30710,株式会社ストリーム
E05673,30730,株式会社ＤＤグループ
E05673,30730,株式会社ＤＤホールディングス
E03507,30750,株式会社銚子丸
E03006,30760,あいホールディングス株式会社
E03505,30770,ホリイフードサービス株式会社
E03005,30790,ディーブイエックス株式会社
E03509,30800,株式会社ジェーソン
E03512,30820,株式会社きちりホールディングス
E03498,30830,スターシーズ株式会社
E03498,30830,株式会社シーズメン
E03513,30850,アークランドサービスホールディングス株式会社
E03516,30860,Ｊ．フロント　リテイリング株式会社
E03518,30870,株式会社ドトール・日レスホールディングス
E03519,30880,株式会社マツキヨココカラ＆カンパニー
E03519,30880,株式会社マツモトキヨシホールディングス
E03007,30890,テクノアルファ株式会社
E03517,30910,株式会社ブロンコビリー
E05725,30920,株式会社ＺＯＺＯ
E03520,30930,株式会社トレジャー・ファクトリー
E03523,30940,株式会社スーパーバリュー
E03524,30960,株式会社オーシャンシステム
E03528,30970,株式会社物語コーポレーション
E03522,30980,株式会社ココカラファイン
E03521,30990,株式会社三越伊勢丹ホールディングス
E00525,31010,東洋紡株式会社
E00527,31030,ユニチカ株式会社
E00543,31040,富士紡ホールディングス株式会社
E00544,31050,日清紡ホールディングス株式会社
E00528,31060,倉敷紡績株式会社
E00529,31070,ダイワボウホールディングス株式会社
E00530,31090,シキボウ株式会社
E00542,31100,日東紡績株式会社
E00531,31110,オーミケンシ株式会社
E00541,31130,Ｏａｋキャピタル株式会社
E00541,31130,株式会社ＵＮＩＶＡ・Ｏａｋホールディングス
E00540,31160,トヨタ紡織株式会社
E00545,31210,マーチャント・バンカーズ株式会社
E00534,31230,サイボー株式会社
E00536,31250,新内外綿株式会社
E23741,31310,シンデン・ハイテックス株式会社
E31167,31320,マクニカ・富士エレ　ホールディングス株式会社
E31167,31320,マクニカホールディングス株式会社
E31367,31330,株式会社海帆
E31386,31340,Ｈａｍｅｅ株式会社
E31551,31350,株式会社マーケットエンタープライズ
E31588,31360,株式会社エコノス
E31574,31370,株式会社ファンデリー
E31625,31380,株式会社富士山マガジンサービス
E31729,31390,株式会社ラクト・ジャパン
E21259,31400,株式会社イデアインターナショナル
E21259,31400,ＢＲＵＮＯ株式会社
E21035,31410,ウエルシアホールディングス株式会社
E21832,31430,オーウイル株式会社
E21606,31480,株式会社クリエイトＳＤホールディングス
E22547,31500,株式会社グリムス
E22440,31510,株式会社バイタルケーエスケー・ホールディングス
E02812,31530,八洲電機株式会社
E22995,31540,メディアスホールディングス株式会社
E23245,31560,株式会社レスターホールディングス
E23245,31560,株式会社レスター
E23288,31570,ジューテックホールディングス株式会社
E23288,31570,ジオリーブグループ株式会社
E23841,31590,丸善ＣＨＩホールディングス株式会社
E24129,31600,株式会社大光
E24248,31610,アゼアス株式会社
E24536,31660,ＯＣＨＩホールディングス株式会社
E25165,31670,株式会社ＴＯＫＡＩホールディングス
E25443,31680,株式会社ＭＥＲＦ
E25443,31680,黒谷株式会社
E26095,31690,株式会社ミサワ
E26322,31720,ティーライフ株式会社
E26290,31730,株式会社Ｃｏｍｉｎｉｘ
E26579,31740,株式会社ハピネス・アンド・ディ
E26842,31750,株式会社エー・ピーホールディングス
E02548,31760,三洋貿易株式会社
E26821,31770,株式会社ありがとうサービス
E23818,31780,チムニー株式会社
E27051,31790,シュッピン株式会社
E27215,31800,株式会社ビューティガレージ
E27202,31810,株式会社買取王国
E27260,31820,オイシックス・ラ・大地株式会社
E27210,31830,ウイン・パートナーズ株式会社
E27572,31840,ＩＣＤＡホールディングス株式会社
E27615,31850,夢展望株式会社
E27693,31860,株式会社ネクステージ
E27815,31870,株式会社ミラタップ
E27815,31870,株式会社サンワカンパニー
E30020,31890,株式会社ＡＮＡＰホールディングス
E30020,31890,株式会社ＡＮＡＰ
E30451,31900,株式会社ホットマン
E30501,31910,株式会社ジョイフル本田
E30504,31920,株式会社白鳩
E30699,31930,株式会社鳥貴族ホールディングス
E30699,31930,株式会社鳥貴族
E30699,31930,株式会社エターナルホスピタリティグループ
E30881,31950,株式会社ジェネレーションパス
E30898,31960,株式会社ホットランド
E30898,31960,株式会社ホットランドホールディングス
E03515,31970,株式会社すかいらーくホールディングス
E31029,31980,ＳＦＰホールディングス株式会社
E31104,31990,綿半ホールディングス株式会社
E40269,319A0,株式会社技術承継機構
E00552,32010,日本毛織株式会社
E00547,32020,ダイトウボウ株式会社
E00556,32040,株式会社トーア紡コーポレーション
E00550,32050,株式会社ダイドーリミテッド
E30656,32210,株式会社ヨシックスホールディングス
E30656,32210,株式会社ヨシックス
E31159,32220,ユナイテッド・スーパーマーケット・ホールディングス株式会社
E31291,32230,株式会社エスエルディー
E31321,32240,株式会社ゼネラル・オイスター
E04059,32280,株式会社三栄建築設計
E04060,32310,野村不動産ホールディングス株式会社
E04233,32320,三重交通グループホールディングス株式会社
E04064,32360,株式会社プロパスト
E05651,32370,株式会社イントランス
E04065,32380,セントラル総合開発株式会社
E40354,323A0,株式会社フライヤー
E04068,32410,株式会社ウィル
E04069,32420,株式会社アーバネットコーポレーション
E04074,32440,サムティ株式会社
E04072,32450,株式会社ディア・ライフ
E04075,32460,株式会社コーセーアールイー
E04077,32480,株式会社アールエイジ
E40334,324A0,株式会社ブッキングリゾート
E05692,32520,日本商業開発株式会社
E05692,32520,地主株式会社
E04047,32540,株式会社プレサンスコーポレーション
E40398,325A0,株式会社ＴＥＮＴＩＡＬ
E04086,32600,株式会社エスポア
E27046,32610,株式会社グランディーズ
E21391,32640,株式会社アスコット
E22612,32660,株式会社ファンドクリエーショングループ
E32571,32670,株式会社フィル・カンパニー
E24340,32710,株式会社　ＴＨＥグローバル社
E25621,32750,ハウスコム株式会社
E25870,32760,株式会社ＪＰＭＣ
E25870,32760,日本管理センター株式会社
E26086,32770,株式会社サンセイランディック
E26966,32800,株式会社エストラスト
E27281,32840,株式会社フージャースホールディングス
E27464,32860,トラストホールディングス株式会社
E27842,32880,株式会社オープンハウス
E27842,32880,株式会社オープンハウスグループ
E27633,32890,東急不動産ホールディングス株式会社
E27759,32910,飯田グループホールディングス株式会社
E30066,32930,アズマハウス株式会社
E30124,32940,株式会社イーグランド
E30598,32970,株式会社東武住販
E30649,32990,株式会社ムゲンエステート
E30880,33000,株式会社アンビションＤＸホールディングス
E30880,33000,株式会社ＡＭＢＩＴＩＯＮ
E00559,33020,帝国繊維株式会社
E00558,33060,日本製麻株式会社
E40399,330A0,株式会社ＴａｌｅｎｔＸ
E00030,33150,日本コークス工業株式会社
E02966,33160,東京日産コンピュータシステム株式会社
E03432,33170,株式会社フライングガーデン
E05391,33190,株式会社ゴルフダイジェスト・オンライン
E40420,331A0,株式会社メディックス
E02967,33200,クロスプラス株式会社
E02968,33210,ミタチ産業株式会社
E05399,33220,アルファグループ株式会社
E02971,33230,レカム株式会社
E03434,33260,株式会社ランシステム
E03437,33280,ＢＥＥＮＯＳ株式会社
E03436,33290,東和フードサービス株式会社
E40400,332A0,ミーク株式会社
E03439,33330,株式会社あさひ
E05422,33410,日本調剤株式会社
E03444,33440,株式会社ワンダーコーポレーション
E00390,33460,ヒロタグループホールディングス株式会社
E00390,33460,２１ＬＡＤＹ株式会社
E02977,33470,株式会社トラスト
E03446,33490,株式会社コスモス薬品
E40452,334A0,株式会社ビジュアル・プロセッシング・ジャパン
E02978,33500,株式会社メタプラネット
E02978,33500,株式会社レッド・プラネット・ジャパン
E03447,33520,株式会社バッファロー
E03443,33530,株式会社メディカル一光グループ
E02979,33550,クリヤマホールディングス株式会社
E02970,33560,株式会社テリロジー
E03451,33580,ワイエスフード株式会社
E03451,33580,Ｔｒａｉｌｈｅａｄ　Ｇｌｏｂａｌ　Ｈｏｌｄｉｎｇｓ株式会社
E02982,33590,株式会社ｃｏｔｔａ
E40477,335A0,株式会社ミライロ
E03450,33600,シップヘルスケアホールディングス株式会社
E03454,33610,株式会社トーエル
E40432,336A0,ダイナミックマッププラットフォーム株式会社
E03456,33700,株式会社フジタコーポレーション
E05485,33710,株式会社ソフトクリエイトホールディングス
E03457,33720,株式会社関門海
E02986,33740,内外テック株式会社
E03460,33750,株式会社ＺＯＡ
E03459,33760,株式会社オンリー
E02988,33770,株式会社バイク王＆カンパニー
E03462,33820,株式会社セブン＆アイ・ホールディングス
E02989,33840,株式会社アークコア
E02991,33860,コスモ・バイオ株式会社
E05517,33870,株式会社クリエイト・レストランツ・ホールディングス
E02992,33880,明治電機工業株式会社
E40429,338A0,株式会社ＺｅｎｍｕＴｅｃｈ
E05523,33900,ＩＮＥＳＴ株式会社
E03464,33910,株式会社ツルハホールディングス
E02994,33920,デリカフーズホールディングス株式会社
E05539,33930,スターティアホールディングス株式会社
E05556,33950,株式会社サンマルクホールディングス
E03467,33960,株式会社フェリシモ
E03468,33970,株式会社トリドールホールディングス
E03470,33990,株式会社丸千代山岡家
E40448,339A0,プログレス・テクノロジーズ　グループ株式会社
E00872,34010,帝人株式会社
E00873,34020,東レ株式会社
E00876,34050,株式会社クラレ
E00877,34070,旭化成株式会社
E00565,34080,サカイオーベックス株式会社
E00566,34090,株式会社北紡
E00566,34090,北日本紡績株式会社
E40189,340A0,株式会社ジグザグ
E31742,34150,株式会社ＴＯＫＹＯ　ＢＡＳＥ
E31749,34160,ピクスタ株式会社
E31624,34170,大木ヘルスケアホールディングス株式会社
E31815,34180,株式会社バルニバービ
E31918,34190,アートグリーン株式会社
E40423,341A0,株式会社トヨコー
E02876,34200,株式会社ケー・エフ・シー
E01451,34210,株式会社稲葉製作所
E01452,34220,株式会社　Ｊ－ＭＡＸ
E01452,34220,株式会社　丸順
E01298,34230,株式会社エスイー
E02920,34260,アトムリビンテック株式会社
E01461,34310,宮地エンジニアリンググループ株式会社
E01443,34330,トーカロ株式会社
E02245,34340,株式会社アルファ
E01462,34350,サンコーテクノ株式会社
E02103,34360,株式会社ＳＵＭＣＯ
E01464,34370,特殊電極株式会社
E02491,34390,株式会社三ツ知
E40408,343A0,株式会社ＩＡＣＥトラベル
E02493,34400,日創グループ株式会社
E02493,34400,日創プロニティ株式会社
E02121,34410,株式会社山王
E01466,34420,株式会社ＭＩＥコーポレーション
E21955,34430,川田テクノロジーズ株式会社
E22016,34440,株式会社菊池製作所
E31042,34450,株式会社ＲＳ　Ｔｅｃｈｎｏｌｏｇｉｅｓ
E33777,34460,株式会社ジェイテックコーポレーション
E33834,34470,信和株式会社
E35294,34490,株式会社テクノフレックス
E31024,34520,株式会社ビーロット
E05607,34540,ファーストブラザーズ株式会社
E31284,34570,株式会社Ａｎｄ　Ｄｏホールディングス
E31284,34570,株式会社ハウスドゥ
E31441,34580,株式会社シーアールイー
E31681,34610,株式会社パルマ
E31970,34640,プロパティエージェント株式会社
E31979,34650,ケイアイスター不動産株式会社
E32158,34670,アグレ都市デザイン株式会社
E32468,34690,株式会社デュアルタップ
E32486,34740,Ｇ－ＦＡＣＴＯＲＹ株式会社
E30726,34750,株式会社グッドコムアセット
E32793,34770,フォーライフ株式会社
E20616,34790,株式会社ティーケーピー
E25148,34800,株式会社ジェイ・エス・ビー
E32779,34820,ロードスターキャピタル株式会社
E33435,34840,株式会社イノベーションホールディングス
E33435,34840,株式会社テンポイノベーション
E33579,34860,株式会社グローバル・リンク・マネジメント
E33819,34890,株式会社フェイスネットワーク
E33863,34900,株式会社アズ企画設計
E34177,34910,株式会社ＧＡ　ｔｅｃｈｎｏｌｏｇｉｅｓ
E34271,34940,株式会社マリオン
E34256,34950,香陵住販株式会社
E34285,34960,株式会社アズーム
E34322,34970,株式会社ＬｅＴｅｃｈ
E34322,34970,株式会社リーガル不動産
E34289,34980,霞ヶ関キャピタル株式会社
E00574,35010,ＳＵＭＩＮＯＥ株式会社
E00574,35010,住江織物株式会社
E32204,35040,株式会社丸八ホールディングス
E40505,350A0,デジタルグリッド株式会社
E00573,35120,日本フエルト株式会社
E00572,35130,イチカワ株式会社
E00612,35150,株式会社フジコー
E00576,35210,エコナックホールディングス株式会社
E00576,35210,テルマー湯ホールディングス株式会社
E00578,35240,日東製網株式会社
E00577,35260,芦森工業株式会社
E00568,35280,株式会社プロスペクト
E00568,35280,株式会社ミライノベート
E00567,35290,アツギ株式会社
E40546,352A0,株式会社ＬＯＩＶＥ
E40546,352A0,株式会社ＬＩＦＥ　ＣＲＥＡＴＥ
E31968,35360,アクサスホールディングス株式会社
E32146,35370,昭栄薬品株式会社
E32181,35380,株式会社ウイルプラスホールディングス
E32254,35390,株式会社ＪＭホールディングス
E40516,353A0,エレベーターコミュニケーションズ株式会社
E32453,35400,株式会社歯愛メディカル
E32351,35410,株式会社農業総合研究所
E32420,35420,株式会社ベガコーポレーション
E32427,35430,株式会社コメダホールディングス
E32381,35440,サツドラホールディングス株式会社
E32382,35460,アレンザホールディングス株式会社
E32592,35470,株式会社ユニシアホールディングス
E32592,35470,株式会社串カツ田中ホールディングス
E32697,35480,株式会社バロックジャパンリミテッド
E10737,35490,株式会社クスリのアオキホールディングス
E32736,35500,株式会社スタジオアタオ
E00996,35510,ダイニック株式会社
E00994,35530,共和レザー株式会社
E31751,35560,リネットジャパングループ株式会社
E32965,35570,ユナイテッド＆コレクティブ株式会社
E32966,35580,株式会社ロコンド
E32966,35580,ジェイドグループ株式会社
E33016,35590,株式会社ピーバンドットコム
E32991,35600,株式会社ほぼ日
E33011,35610,株式会社力の源ホールディングス
E33037,35620,株式会社Ｎｏ．１
E33000,35630,株式会社スシローグローバルホールディングス
E33000,35630,株式会社ＦＯＯＤ　＆　ＬＩＦＥ　ＣＯＭＰＡＮＩＥＳ
E33109,35650,アセンテック株式会社
E33305,35660,ユニフォームネクスト株式会社
E00562,35690,セーレン株式会社
E00569,35710,株式会社ソトー
E00563,35770,東海染工株式会社
E00596,35780,倉庫精練株式会社
E00591,35800,小松マテーレ株式会社
E00584,35830,オーベクス株式会社
E00590,35910,株式会社ワコールホールディングス
E02315,35930,株式会社ホギメディカル
E00607,35970,株式会社自重堂
E02773,35980,山喜株式会社
E00610,36000,株式会社フジックス
E00614,36040,川本産業株式会社
E00617,36070,株式会社クラウディアホールディングス
E25234,36080,株式会社ＴＳＩホールディングス
E33574,36110,株式会社マツオカコーポレーション
E02767,36120,株式会社ワールド
E05736,36220,ネットイヤーグループ株式会社
E05741,36230,ビリングシステム株式会社
E05707,36240,アクセルマーク株式会社
E05742,36250,テックファームホールディングス株式会社
E05739,36260,ＴＩＳ株式会社
E20385,36270,テクミラホールディングス株式会社
E20385,36270,ＪＮＳホールディングス株式会社
E21553,36280,株式会社データホライゾン
E21740,36300,株式会社電算システム
E22012,36320,グリー株式会社
E22012,36320,グリーホールディングス株式会社
E22101,36330,ＧＭＯペパボ株式会社
E22461,36340,株式会社ソケッツ
E22460,36350,株式会社コーエーテクモホールディングス
E23492,36360,株式会社三菱総合研究所
E24392,36390,株式会社ボルテージ
E24457,36400,株式会社電算
E24453,36410,株式会社パピレス
E24982,36450,株式会社メディカルネット
E25206,36460,株式会社駅探
E24998,36470,株式会社ジー・スリーホールディングス
E24998,36470,株式会社アスリナ
E25263,36480,ＡＧＳ株式会社
E25283,36490,株式会社ファインデックス
E25620,36520,株式会社ディジタルメディアプロフェッショナル
E25682,36530,株式会社モルフォ
E25817,36550,株式会社ブレインパッド
E25867,36560,ＫＬａｂ株式会社
E25898,36570,ポールトゥウィン・ピットクルーホールディングス株式会社
E25898,36570,ポールトゥウィンホールディングス株式会社
E25888,36580,株式会社イーブックイニシアティブジャパン
E25850,36590,株式会社ネクソン
E40674,365A0,伊澤タオル株式会社
E26301,36600,株式会社アイスタイル
E26332,36610,株式会社エムアップホールディングス
E26369,36620,株式会社エイチーム
E26369,36620,株式会社エイチームホールディングス
E26231,36630,アートスパークホールディングス株式会社
E26231,36630,株式会社セルシス
E26596,36640,株式会社モブキャストホールディングス
E26596,36640,株式会社ＷＩＺＥ
E26703,36650,株式会社エニグモ
E27050,36660,株式会社テクノスジャパン
E27047,36670,株式会社ｅｎｉｓｈ
E27062,36680,株式会社コロプラ
E37743,366A0,ウェルネス・コミュニケーションズ株式会社
E27235,36700,協立情報通信株式会社
E27276,36710,ソフトマックス株式会社
E27280,36720,株式会社オルトプラス
E27361,36730,株式会社ブロードリーフ
E27394,36740,株式会社オークファン
E27421,36750,株式会社クロス・マーケティンググループ
E27655,36760,株式会社デジタルハーツホールディングス
E27877,36770,株式会社システム情報
E30002,36780,株式会社メディアドゥ
E30047,36790,株式会社じげん
E40648,367A0,プリモグローバルホールディングス株式会社
E30091,36800,株式会社ホットリンク
E30114,36810,株式会社ブイキューブ
E30085,36820,エンカレッジ・テクノロジ株式会社
E30398,36830,株式会社サイバーリンクス
E30466,36860,株式会社ディー・エル・イー
E30537,36870,株式会社フィックスターズ
E22007,36880,株式会社ＣＡＲＴＡ　ＨＯＬＤＩＮＧＳ
E30698,36890,株式会社イグニス
E40668,368A0,株式会社北里コーポレーション
E30836,36900,株式会社イルグルム
E30856,36910,株式会社リアルワールド
E30856,36910,株式会社デジタルプラス
E30877,36920,株式会社ＦＦＲＩセキュリティ
E30918,36940,株式会社オプティム
E30857,36950,ＧＭＯプロダクトプラットフォーム株式会社
E30857,36950,ＧＭＯリサーチ株式会社
E30857,36950,ＧＭＯリサーチ＆ＡＩ株式会社
E30919,36960,株式会社セレス
E30969,36970,株式会社ＳＨＩＦＴ
E30996,36980,株式会社ＣＲＩ・ミドルウェア
E36667,369A0,株式会社エータイ
E00691,37080,特種東海製紙株式会社
E05336,37100,ジョルダン株式会社
E05340,37120,株式会社　情報企画
E05340,37120,株式会社情報企画
E05348,37190,株式会社ジェクシード
E05348,37190,ＡＩストーム株式会社
E05360,37230,日本ファルコム株式会社
E05395,37260,株式会社フォーシーズホールディングス
E05395,37260,株式会社フォーシーズＨＤ
E05369,37270,株式会社アプリックス
E40662,372A0,株式会社レント
E05376,37330,株式会社ソフトウェア・サービス
E05392,37380,株式会社ティーガイア
E05401,37390,コムシード株式会社
E40640,373A0,株式会社リップス
E05400,37410,株式会社セック
E05413,37440,サイオス株式会社
E05424,37470,株式会社インタートレード
E05443,37500,株式会社サイトリ細胞研究所
E05443,37500,ＦＲＡＣＴＡＬＥ株式会社
E05443,37500,株式会社ＡＤＲ１２０Ｓ
E05430,37510,日本アジアグループ株式会社
E05432,37530,株式会社フライトソリューションズ
E05432,37530,株式会社フライトホールディングス
E05453,37580,株式会社アエリア
E05449,37600,株式会社ケイブ
E05463,37620,テクマトリックス株式会社
E05466,37630,株式会社プロシップ
E05474,37650,ガンホー・オンライン・エンターテイメント株式会社
E05469,37660,システムズ・デザイン株式会社
E05471,37680,リスクモンスター株式会社
E05476,37690,ＧＭＯペイメントゲートウェイ株式会社
E05484,37700,株式会社ザッパラス
E05487,37710,株式会社システムリサーチ
E03801,37720,ウェルス・マネジメント株式会社
E05496,37730,株式会社アドバンスト・メディア
E05480,37740,株式会社インターネットイニシアティブ
E05497,37750,株式会社ガイアックス
E05494,37760,株式会社ブロードバンドタワー
E05510,37770,株式会社ＦＨＴホールディングス
E05510,37770,株式会社環境フレンドリーホールディングス
E05518,37780,さくらインターネット株式会社
E05543,37790,ジェイ・エスコムホールディングス株式会社
E40512,377A0,株式会社エージェントＩＧホールディングス
E02104,37820,株式会社ディー・ディー・エス
E05540,37840,株式会社ヴィンクス
E05445,37870,株式会社テクノマセマティカル
E05545,37880,ＧＭＯグローバルサイン・ホールディングス株式会社
E40715,378A0,株式会社ヒット
E02480,37910,株式会社ＩＧポート
E05552,37930,株式会社ドリコム
E05551,37960,株式会社いい生活
E05521,37980,ＵＬＳグループ株式会社
E05553,37990,キーウェアソリューションズ株式会社
E05561,38000,株式会社ユニリタ
E05578,38020,株式会社エコミック
E05573,38030,イメージ情報開発株式会社
E05516,38040,株式会社システム　ディ
E05457,38070,株式会社フィスコ
E05587,38080,株式会社オウケイウェイヴ
E05587,38080,株式会社オーケーウェブ
E05601,38100,サイバーステップホールディングス株式会社
E05601,38100,サイバーステップ株式会社
E05633,38140,株式会社アルファクス・フード・システム
E05622,38150,株式会社メディア工房
E05635,38160,株式会社大和コンピューター
E05640,38170,株式会社ＳＲＡホールディングス
E05630,38230,ＴＨＥ　ＷＨＹ　ＨＯＷ　ＤＯ　ＣＯＭＰＡＮＹ株式会社
E05630,38230,株式会社アクロディア
E05641,38240,メディアファイブ株式会社
E05645,38250,株式会社リミックスポイント
E05643,38260,株式会社システムインテグレータ
E05650,38300,株式会社ギガプライズ
E04496,38340,株式会社朝日ネット
E05659,38350,ｅＢＡＳＥ株式会社
E05663,38360,株式会社アバントグループ
E05663,38360,株式会社アバント
E05664,38370,アドソル日進株式会社
E05679,38390,株式会社ＯＤＫソリューションズ
E05674,38400,パス株式会社
E05669,38410,株式会社ジーダット
E05677,38420,株式会社ネクストジェン
E05680,38430,フリービット株式会社
E05678,38440,コムチュア株式会社
E05682,38450,株式会社アイフリークモバイル
E05687,38470,パシフィックシステム株式会社
E05688,38480,株式会社データ・アプリケーション
E05690,38490,日本テクノ・ラボ株式会社
E05694,38500,株式会社エヌ・ティ・ティ・データ・イントラマート
E02489,38510,株式会社日本一ソフトウェア
E05703,38520,サイバーコム株式会社
E05699,38530,アステリア株式会社
E05705,38540,株式会社アイル
E05713,38560,Ａｂａｌａｎｃｅ株式会社
E05720,38570,株式会社ラック
E05719,38580,株式会社ユビキタスＡＩ
E05719,38580,株式会社ユビキタスＡＩコーポレーション
E00642,38610,王子ホールディングス株式会社
E11873,38630,日本製紙株式会社
E00644,38640,三菱製紙株式会社
E00645,38650,北越コーポレーション株式会社
E40756,386A0,株式会社みのや
E00649,38770,中越パルプ工業株式会社
E00650,38780,株式会社巴川コーポレーション
E00650,38780,株式会社巴川製紙所
E38722,387A0,フラー株式会社
E00660,38800,大王製紙株式会社
E00685,38910,ニッポン高度紙工業株式会社
E00687,38920,株式会社岡山製紙
E00690,38950,ハビックス株式会社
E26914,38960,阿波製紙株式会社
E31019,39000,株式会社クラウドワークス
E31023,39010,マークラインズ株式会社
E31056,39020,メディカル・データ・ビジョン株式会社
E31060,39030,株式会社ｇｕｍｉ
E31093,39040,株式会社カヤック
E31131,39050,データセクション株式会社
E31276,39060,株式会社ＡＬＢＥＲＴ
E31256,39070,シリコンスタジオ株式会社
E31336,39080,株式会社コラボス
E27894,39090,株式会社ショーケース
E30993,39100,株式会社エムケイシステム
E31348,39110,株式会社Ａｉｍｉｎｇ
E31331,39120,株式会社モバイルファクトリー
E31354,39130,ＧｒｅｅｎＢｅｅ株式会社
E31354,39130,株式会社ｓＭｅｄｉｏ
E31436,39140,ＪＩＧ－ＳＡＷ株式会社
E31453,39150,株式会社テラスカイ
E31573,39160,デジタル・インフォメーション・テクノロジー株式会社
E31626,39170,株式会社アイリッジ
E31640,39180,ＰＣＩホールディングス株式会社
E31585,39190,パイプドＨＤ株式会社
E40748,391A0,株式会社山忠
E31754,39200,アイビーシー株式会社
E31902,39210,株式会社ネオジャパン
E31965,39220,株式会社ＰＲ　ＴＩＭＥＳ
E31878,39230,株式会社ラクス
E31948,39240,株式会社ランドコンピュータ
E31957,39250,株式会社ダブルスタンダード
E31936,39260,株式会社オープンドア
E31977,39270,株式会社フーバーブレイン
E31991,39280,株式会社マイネット
E31955,39290,ソーシャルワイヤー株式会社
E32141,39300,株式会社はてな
E32108,39310,株式会社バリューゴルフ
E32200,39320,株式会社アカツキ
E32161,39330,チエル株式会社
E32159,39340,株式会社ベネフィットジャパン
E32238,39350,株式会社エディア
E32225,39360,株式会社グローバルウェイ
E32408,39370,株式会社Ｕｂｉｃｏｍホールディングス
E32603,39390,株式会社カナミックネットワーク
E32591,39400,株式会社ノムラシステムコーポレーション
E00659,39410,レンゴー株式会社
E00677,39430,大石産業株式会社
E00664,39440,古林紙工株式会社
E00675,39450,スーパーバッグ株式会社
E00669,39460,株式会社トーモク
E00668,39470,ダイナパック株式会社
E00708,39480,光ビジネスフォーム株式会社
E00674,39500,ザ・パック株式会社
E00714,39510,朝日印刷株式会社
E00681,39520,中央紙器工業株式会社
E00682,39530,大村紙業株式会社
E00686,39540,昭和パックス株式会社
E00688,39550,株式会社イムラ
E00688,39550,株式会社イムラ封筒
E00737,39560,国際チャート株式会社
E38898,39580,笹徳印刷株式会社
E32373,39600,株式会社バリューデザイン
E32624,39610,シルバーエッグ・テクノロジー株式会社
E32620,39620,株式会社チェンジ
E32620,39620,株式会社チェンジホールディングス
E32647,39630,株式会社シンクロ・フード
E21122,39640,株式会社オークネット
E32619,39650,株式会社キャピタル・アセット・プランニング
E32673,39660,株式会社ユーザベース
E32750,39670,株式会社エルテス
E32815,39680,セグエグループ株式会社
E32825,39690,株式会社エイトレッド
E32766,39700,株式会社イノベーション
E32814,39740,株式会社ティビィシィ・スキヤツト
E32814,39740,ＳＣＡＴ株式会社
E32660,39750,ＡＯＩ　ＴＹＯ　Ｈｏｌｄｉｎｇｓ　株式会社
E32855,39760,株式会社シャノン
E32956,39770,フュージョン株式会社
E05372,39780,株式会社マクロミル
E32794,39790,株式会社うるる
E32992,39810,株式会社ビーグリー
E33039,39830,株式会社オロ
E33026,39840,株式会社ユーザーローカル
E33040,39850,テモナ株式会社
E33232,39860,株式会社ビーブレイクシステムズ
E33237,39870,エコモット株式会社
E33235,39880,株式会社ＳＹＳホールディングス
E33242,39890,シェアリングテクノロジー株式会社
E33359,39900,ＵＵＵＭ株式会社
E33364,39910,ウォンテッドリー株式会社
E33367,39920,株式会社ニーズウェル
E33391,39930,株式会社ＰＫＳＨＡ　Ｔｅｃｈｎｏｌｏｇｙ
E33390,39940,株式会社マネーフォワード
E33294,39950,株式会社ＳＫＩＹＡＫＩ
E33519,39960,サインポスト株式会社
E33553,39970,株式会社トレードワークス
E33626,39980,株式会社すららネット
E33598,39990,ナレッジスイート株式会社
E00751,40040,株式会社レゾナック・ホールディングス
E00751,40040,昭和電工株式会社
E00752,40050,住友化学株式会社
E00755,40080,住友精化株式会社
E35941,40110,株式会社ヘッドウォータース
E35959,40120,株式会社アクシス
E35967,40130,勤次郎株式会社
E35989,40140,株式会社カラダノート
E36070,40150,アララ株式会社
E36070,40150,ペイクラウドホールディングス株式会社
E36077,40160,ＭＩＴホールディングス株式会社
E36100,40170,株式会社クリーマ
E36312,40180,株式会社Ｇｅｏｌｏｃａｔｉｏｎ　Ｔｅｃｈｎｏｌｏｇｙ
E36155,40190,株式会社スタメン
E36108,40200,ビートレンド株式会社
E00759,40210,日産化学株式会社
E00760,40220,ラサ工業株式会社
E00761,40230,株式会社クレハ
E00762,40250,多木化学株式会社
E00763,40260,神島化学工業株式会社
E00764,40270,テイカ株式会社
E00765,40280,石原産業株式会社
E40500,402A0,株式会社アクセルスペースホールディングス
E00789,40310,片倉コープアグリ株式会社
E38504,40400,南海化学株式会社
E00766,40410,日本曹達株式会社
E00767,40420,東ソー株式会社
E00768,40430,株式会社トクヤマ
E00769,40440,セントラル硝子株式会社
E00770,40450,東亞合成株式会社
E00771,40460,株式会社大阪ソーダ
E00772,40470,関東電化工業株式会社
E35642,40510,ＧＭＯフィナンシャルゲート株式会社
E35758,40520,フィーチャ株式会社
E35827,40530,株式会社Ｓｕｎ　Ａｓｔｅｒｉｓｋ
E35821,40540,日本情報クリエイト株式会社
E35824,40550,ティアンドエスグループ株式会社
E35824,40550,ティアンドエス株式会社
E35841,40560,ニューラルグループ株式会社
E35841,40560,ニューラルポケット株式会社
E35765,40570,株式会社インターファクトリー
E35911,40580,トヨクモ株式会社
E35945,40590,株式会社まぐまぐ
E35930,40600,ｒａｋｕｍｏ株式会社
E00774,40610,デンカ株式会社
E00775,40620,イビデン株式会社
E00776,40630,信越化学工業株式会社
E00777,40640,日本カーバイド工業株式会社
E36659,40680,ベイシス株式会社
E36653,40690,株式会社ＢｌｕｅＭｅｍｅ
E36635,40710,株式会社プラスアルファ・コンサルティング
E36460,40720,株式会社電算システムホールディングス
E36666,40730,株式会社ジィ・シィ企画
E36708,40740,株式会社ラキール
E36722,40750,ブレインズテクノロジー株式会社
E36840,40760,株式会社シイエヌエス
E00780,40780,堺化学工業株式会社
E40865,407A0,株式会社ＵＮＩＣＯＮホールディングス
E01050,40800,株式会社田中化学研究所
E00806,40820,第一稀元素化学工業株式会社
E00792,40880,エア・ウォーター株式会社
E00783,40910,日本酸素ホールディングス株式会社
E00784,40920,日本化学工業株式会社
E00787,40930,東邦アセチレン株式会社
E00786,40940,日本化学産業株式会社
E00898,40950,日本パーカライジング株式会社
E00781,40970,高圧ガス工業株式会社
E00796,40980,チタン工業株式会社
E00841,40990,四国化成工業株式会社
E00841,40990,四国化成ホールディングス株式会社
E00410,409A0,オリオンビール株式会社
E00842,41000,戸田工業株式会社
E00791,41020,丸尾カルシウム株式会社
E01028,41070,伊勢化学工業株式会社
E00805,41090,ステラケミファ株式会社
E40916,410A0,ＧＭＯコマース株式会社
E00809,41120,保土谷化学工業株式会社
E00810,41130,田岡化学工業株式会社
E00811,41140,株式会社日本触媒
E00812,41150,本州化学工業株式会社
E00902,41160,大日精化工業株式会社
E00879,41180,株式会社カネカ
E00899,41190,株式会社日本ピグメントホールディングス
E00899,41190,日本ピグメント株式会社
E00906,41200,スガイ化学工業株式会社
E33382,41240,大阪油化工業株式会社
E37157,41250,三和油化工業株式会社
E40904,414A0,株式会社オーバーラップホールディングス
E00816,41510,協和キリン株式会社
E40792,415A0,ＧＭＯ　ＴＥＣＨホールディングス株式会社
E34973,41650,株式会社プレイド
E36174,41660,かっこ株式会社
E36086,41670,株式会社ココペリ
E36107,41680,株式会社ヤプリ
E36130,41690,ＥＮＥＣＨＡＮＧＥ株式会社
E40727,416A0,富士ユナイトホールディングス株式会社
E36122,41700,株式会社Ｋａｉｚｅｎ　Ｐｌａｔｆｏｒｍ
E36172,41710,株式会社グローバルインフォメーション
E36002,41720,東和ハイシステム株式会社
E36002,41720,Ｈｉクラテス株式会社
E36323,41730,株式会社ＷＡＣＵＬ
E36213,41740,株式会社アピリッツ
E36322,41750,株式会社ｃｏｌｙ
E36351,41760,株式会社ココナラ
E36343,41770,株式会社ｉ－ｐｌｕｇ
E36366,41780,株式会社Ｓｈａｒｉｎｇ　Ｉｎｎｏｖａｔｉｏｎｓ
E36398,41790,株式会社ジーネクスト
E40736,417A0,株式会社ブルーゾーンホールディングス
E36372,41800,Ａｐｐｉｅｒ　Ｇｒｏｕｐ株式会社
E00815,41820,三菱瓦斯化学株式会社
E00840,41830,三井化学株式会社
E01003,41850,ＪＳＲ株式会社
E00854,41860,東京応化工業株式会社
E00855,41870,大阪有機化学工業株式会社
E00808,41880,株式会社三菱ケミカルホールディングス
E00808,41880,三菱ケミカルグループ株式会社
E32642,41890,ＫＨネオケム株式会社
E40919,418A0,ウリドキ株式会社
E36410,41920,スパイダープラス株式会社
E36261,41930,株式会社ファブリカホールディングス
E36261,41930,株式会社ファブリカコミュニケーションズ
E36484,41940,ビジョナル株式会社
E36532,41960,株式会社ネオマーケティング
E37502,41970,株式会社アスマーク
E36637,41980,株式会社テンダ
E36661,41990,ワンダープラネット株式会社
E36660,42000,株式会社ＨＣＳホールディングス
E00818,42020,株式会社ダイセル
E00819,42030,住友ベークライト株式会社
E00820,42040,積水化学工業株式会社
E00821,42050,日本ゼオン株式会社
E00824,42060,アイカ工業株式会社
E01002,42080,ＵＢＥ株式会社
E01002,42080,宇部興産株式会社
E01008,42120,積水樹脂株式会社
E00823,42150,タキロンシーアイ株式会社
E00830,42160,旭有機材株式会社
E01000,42180,ニチバン株式会社
E40925,421A0,株式会社ムービン・ストラテジック・キャリア
E00838,42200,リケンテクノス株式会社
E00834,42210,大倉工業株式会社
E00839,42220,児玉化学工業株式会社
E01103,42240,ロンシール工業株式会社
E00845,42280,積水化成品工業株式会社
E00448,42290,群栄化学工業株式会社
E01024,42310,タイガースポリマー株式会社
E01052,42340,株式会社サンエー化研
E01061,42350,ウルトラファブリックス・ホールディングス株式会社
E02348,42370,フジプレアム株式会社
E02477,42380,ミライアル株式会社
E02604,423A0,株式会社ライオン事務器
E02483,42400,クラスターテクノロジー株式会社
E01066,42410,株式会社アテクト
E00871,42420,株式会社タカギセイコー
E02494,42430,株式会社ニックス
E30133,42450,株式会社ダイキアクシス
E30438,42460,ダイキョーニシカワ株式会社
E30692,42470,ポバール興業株式会社
E31037,42480,竹本容器株式会社
E33603,42490,森六ホールディングス株式会社
E33603,42490,森六株式会社
E34221,42500,株式会社フロンティア
E35220,42510,恵和株式会社
E37105,42550,ＴＨＥＣＯＯ株式会社
E37169,42560,株式会社サインド
E37160,42580,株式会社網屋
E37158,42590,株式会社エクサウィザーズ
E37192,42600,株式会社ハイブリッドテクノロジーズ
E37131,42610,アジアクエスト株式会社
E37206,42620,ニフティライフスタイル株式会社
E37207,42630,サスメド株式会社
E36859,42640,株式会社セキュア
E37222,42650,Ｉｎｓｔｉｔｕｔｉｏｎ　ｆｏｒ　ａ　Ｇｌｏｂａｌ　Ｓｏｃｉｅｔｙ株式会社
E37358,42670,株式会社ライトワークス
E37398,42680,エッジテクノロジー株式会社
E36937,42700,株式会社ＢｅｅＸ
E00836,42720,日本化薬株式会社
E00850,42740,細谷火工株式会社
E27624,42750,カーリットホールディングス株式会社
E27624,42750,株式会社カーリット
E05196,42820,ＥＰＳホールディングス株式会社
E05198,42840,株式会社　ソルクシーズ
E05199,42860,株式会社レッグス
E05199,42860,株式会社ＣＬホールディングス
E05204,42870,株式会社ジャストプランニング
E05201,42880,株式会社アズジェント
E40917,428A0,サイプレス・ホールディングス株式会社
E05205,42900,株式会社プレステージ・インターナショナル
E05206,42930,株式会社セプテーニ・ホールディングス
E05209,42950,株式会社フェイス
E05210,42980,株式会社プロトコーポレーション
E05215,42990,株式会社ハイマックス
E40985,429A0,テクセンドフォトマスク株式会社
E05219,43010,株式会社アミューズ
E05218,43040,株式会社Ｅストアー
E05062,43070,株式会社野村総合研究所
E05211,43080,株式会社Ｊストリーム
E05221,43100,株式会社ドリームインキュベータ
E05223,43120,サイバネットシステム株式会社
E05228,43160,株式会社ビーマップ
E05230,43170,株式会社レイ
E05232,43180,株式会社クイック
E05231,43190,ＴＡＣ株式会社
E40964,431A0,ユーソナー株式会社
E05233,43200,株式会社ＣＥホールディングス
E05236,43230,日本システム技術株式会社
E04760,43240,株式会社電通グループ
E05239,43260,株式会社インテージホールディングス
E05243,43270,日本エス・エイチ・エル株式会社
E05248,43310,株式会社テイクアンドギヴ・ニーズ
E05252,43330,株式会社東邦システムサイエンス
E05254,43340,株式会社ユークス
E05255,43350,ＩＰＳホールディングス株式会社
E05255,43350,株式会社アイ・ピー・エス
E05256,43360,株式会社クリエアナブキ
E03379,43370,ぴあ株式会社
E05262,43410,西菱電機株式会社
E05263,43420,セコム上信越株式会社
E05264,43430,株式会社イオンファンタジー
E05647,43440,ソースネクスト株式会社
E05267,43450,株式会社シーティーエス
E05268,43460,株式会社ネクシィーズグループ
E05268,43460,株式会社ＮＥＸＹＺ．Ｇｒｏｕｐ
E05269,43470,ブロードメディア株式会社
E05272,43480,インフォコム株式会社
E05273,43490,株式会社テスク
E05274,43500,株式会社　メディカルシステムネットワーク
E05275,43510,株式会社山田再生系債権回収総合事務所
E05275,43510,株式会社山田債権回収管理総合事務所
E05277,43550,ロングライフホールディング株式会社
E05282,43560,応用技術株式会社
E36769,43600,株式会社マナック・ケミカル・パートナーズ
E01006,43610,川口化学工業株式会社
E00852,43620,日本精化株式会社
E00859,43640,マナック株式会社
E00888,43650,松本油脂製薬株式会社
E01014,43660,ダイトーケミックス株式会社
E00837,43670,広栄化学株式会社
E01056,43680,扶桑化学工業株式会社
E02490,43690,株式会社　トリケミカル研究所
E41010,436A0,サイバーソリューションズ株式会社
E36795,43700,モビルス株式会社
E36897,43710,株式会社コアコンセプト・テクノロジー
E36905,43720,ユミルリンク株式会社
E36928,43730,シンプレクス・ホールディングス株式会社
E36901,43740,株式会社ＲＯＢＯＴ　ＰＡＹＭＥＮＴ
E36946,43750,セーフィー株式会社
E36733,43760,株式会社くふうカンパニーホールディングス
E36733,43760,株式会社くふうカンパニー
E36944,43770,株式会社ワンキャリア
E36989,43780,株式会社ＣＩＮＣ
E37060,43790,株式会社Ｐｈｏｔｏｓｙｎｔｈ
E33784,43800,株式会社Ｍマート
E33825,43810,ビープラッツ株式会社
E33880,43820,ＨＥＲＯＺ株式会社
E33966,43840,ラクスル株式会社
E34064,43850,株式会社メルカリ
E34031,43860,株式会社ＳＩＧ
E34031,43860,株式会社ＳＩＧグループ
E34094,43870,株式会社ＺＵＵ
E34052,43880,株式会社エーアイ
E34090,43890,プロパティデータバンク株式会社
E41028,438A0,株式会社インフキュリオン
E33623,43900,株式会社アイ・ピー・エス
E34045,43910,ロジザード株式会社
E33702,43920,ＦＩＧ株式会社
E34116,43930,株式会社バンク・オブ・イノベーション
E34140,43940,株式会社エクスモーション
E34091,43950,株式会社アクリート
E34111,43960,株式会社システムサポート
E34111,43960,株式会社システムサポートホールディングス
E34225,43970,株式会社チームスピリット
E34288,43980,株式会社ブロードバンドセキュリティ
E34199,43990,株式会社くふうカンパニー
E00878,44010,株式会社ＡＤＥＫＡ
E00880,44030,日油株式会社
E00881,44040,ミヨシ油脂株式会社
E00882,44060,新日本理化株式会社
E00886,44090,東邦化学工業株式会社
E01020,44100,ハリマ化成グループ株式会社
E37095,44120,株式会社サイエンスアーツ
E37133,44130,株式会社ボードルア
E37130,44140,株式会社フレクト
E37115,44150,株式会社ブロードエンタープライズ
E37146,44160,株式会社Ｔｒｕｅ　Ｄａｔａ
E37147,44170,グローバルセキュリティエキスパート株式会社
E37175,44180,株式会社ＪＤＳＣ
E37145,44190,株式会社Ｆｉｎａｔｅｘｔホールディングス
E40979,441A0,ＮＥ株式会社
E34321,44200,イーソル株式会社
E34335,44210,株式会社ディ・アイ・システム
E34114,44220,ＶＡＬＵＥＮＥＸ株式会社
E34545,44230,アルテリア・ネットワークス株式会社
E34497,44240,株式会社Ａｍａｚｉａ
E34507,44250,Ｋｕｄａｎ株式会社
E34544,44270,株式会社ＥｄｕＬａｂ
E34509,44280,株式会社シノプス
E34633,44290,リックソフト株式会社
E41030,442A0,クラシコ株式会社
E34663,44300,東海ソフト株式会社
E34643,44310,株式会社スマレジ
E33957,44320,ウイングアーク１ｓｔ株式会社
E34538,44330,株式会社ヒト・コミュニケーションズ・ホールディングス
E31580,44340,株式会社サーバーワークス
E34712,44350,株式会社カオナビ
E34754,44360,株式会社ミンカブ・ジ・インフォノイド
E34587,44370,ｇｏｏｄｄａｙｓホールディングス株式会社
E34721,44380,株式会社Ｗｅｌｂｙ
E34729,44390,株式会社東名
E34739,44400,株式会社ヴィッツ
E34814,44410,トビラシステムズ株式会社
E34880,44420,バルテス株式会社
E34880,44420,バルテス・ホールディングス株式会社
E34960,44430,Ｓａｎｓａｎ株式会社
E34974,44440,株式会社インフォネット
E34513,44450,リビン・テクノロジーズ株式会社
E34853,44460,株式会社Ｌｉｎｋ－Ｕ
E34853,44460,Ｌｉｎｋ－Ｕグループ株式会社
E33384,44470,株式会社ピー・ビーシステムズ
E35124,44480,株式会社ｋｕｂｅｌｌ
E35124,44480,Ｃｈａｔｗｏｒｋ株式会社
E35096,44490,株式会社ギフティ
E35137,44500,株式会社パワーソリューションズ
E00883,44520,花王株式会社
E00885,44610,第一工業製薬株式会社
E00804,44620,石原ケミカル株式会社
E00887,44630,日華化学株式会社
E01057,44640,株式会社ソフト９９コーポレーション
E00890,44650,株式会社ニイタカ
E41104,446A0,株式会社ノースサンド
E00884,44710,三洋化成工業株式会社
E35150,44750,ＨＥＮＮＧＥ株式会社
E35117,44760,ＡＩ　ＣＲＯＳＳ株式会社
E35163,44770,ＢＡＳＥ株式会社
E35325,44780,フリー株式会社
E34557,44790,株式会社マクアケ
E33586,44800,株式会社メドレー
E35164,44810,ベース株式会社
E35284,44820,株式会社ウィルズ
E35308,44830,株式会社ＪＭＤＣ
E35287,44840,ランサーズ株式会社
E35333,44850,株式会社ＪＴＯＷＥＲ
E35307,44860,ユナイトアンドグロウ株式会社
E35330,44870,株式会社スペースマーケット
E35345,44880,ＡＩ　ｉｎｓｉｄｅ株式会社
E35482,44890,株式会社ペイロール
E35278,44900,株式会社ビザスク
E35466,44910,コンピューターマネージメント株式会社
E35504,44920,株式会社ゼネテック
E35354,44930,株式会社サイバーセキュリティクラウド
E35544,44940,バリオセキュア株式会社
E35578,44950,株式会社アイキューブドシステムズ
E35589,44960,株式会社コマースＯｎｅホールディングス
E35302,44970,株式会社ロコガイド
E35516,44980,サイバートラスト株式会社
E35632,44990,株式会社Ｓｐｅｅｅ
E00919,45020,武田薬品工業株式会社
E00920,45030,アステラス製薬株式会社
E00922,45060,住友ファーマ株式会社
E00922,45060,大日本住友製薬株式会社
E00923,45070,塩野義製薬株式会社
E00928,45120,わかもと製薬株式会社
E00929,45140,あすか製薬株式会社
E00931,45160,日本新薬株式会社
E00960,45170,ビオフェルミン製薬株式会社
E00932,45190,中外製薬株式会社
E00935,45210,科研製薬株式会社
E00939,45230,エーザイ株式会社
E00941,45240,森下仁丹株式会社
E00952,45260,理研ビタミン株式会社
E00942,45270,ロート製薬株式会社
E00945,45280,小野薬品工業株式会社
E00944,45300,久光製薬株式会社
E00848,45310,有機合成薬品工業株式会社
E00947,45340,持田製薬株式会社
E00949,45360,参天製薬株式会社
E00953,45380,扶桑薬品工業株式会社
E00957,45390,日本ケミファ株式会社
E01018,45400,株式会社ツムラ
E00963,45410,日医工株式会社
E01630,45430,テルモ株式会社
E00967,45440,Ｈ．Ｕ．グループホールディングス株式会社
E00962,45470,キッセイ薬品工業株式会社
E00970,45480,生化学工業株式会社
E00961,45490,栄研化学株式会社
E00971,45500,日水製薬株式会社
E00934,45510,鳥居薬品株式会社
E00973,45520,ＪＣＲファーマ株式会社
E00974,45530,東和薬品株式会社
E00975,45540,富士製薬工業株式会社
E00976,45550,沢井製薬株式会社
E00977,45560,株式会社カイノス
E03289,45580,株式会社中京医薬品
E00948,45590,ゼリア新薬工業株式会社
E05301,45630,アンジェス株式会社
E05363,45640,オンコセラピー・サイエンス株式会社
E00981,45650,ネクセラファーマ株式会社
E00981,45650,そーせいグループ株式会社
E00984,45680,第一三共株式会社
E00985,45690,杏林製薬株式会社
E00985,45690,キョーリン製薬ホールディングス株式会社
E41076,456A0,ＨＵＭＡＮ　ＭＡＤＥ株式会社
E00986,45700,株式会社免疫生物研究所
E05728,45710,ナノキャリア株式会社
E05728,45710,ＮＡＮＯ　ＭＲＮＡ株式会社
E05728,45710,ＮＡＮＯホールディングス株式会社
E00987,45720,カルナバイオサイエンス株式会社
E22560,45740,大幸薬品株式会社
E23487,45750,株式会社キャンバス
E22024,45760,株式会社デ・ウエスタン・セラピテクス研究所
E24187,45770,ダイト株式会社
E21183,45780,大塚ホールディングス株式会社
E25269,45790,ラクオリア創薬株式会社
E25678,45810,大正製薬ホールディングス株式会社
E24682,45820,シンバイオ製薬株式会社
E26096,45830,株式会社カイオム・バイオサイエンス
E27032,45840,株式会社ジーンテクノサイエンス
E27032,45840,キッズウェル・バイオ株式会社
E27208,45860,株式会社メドレックス
E27486,45870,ペプチドリーム株式会社
E30058,45880,オンコリスバイオファーマ株式会社
E30865,45910,株式会社リボミック
E31382,45920,サンバイオ株式会社
E31335,45930,株式会社ヘリオス
E31851,45940,ブライトパス・バイオ株式会社
E31946,45950,株式会社ミズホメディー
E32854,45960,窪田製薬ホールディングス株式会社
E33044,45970,ソレイジア・ファーマ株式会社
E34318,45980,ＤｅｌｔａーＦｌｙ　Ｐｈａｒｍａ株式会社
E34999,45990,株式会社ステムリム
E41086,460A0,ＢＲＡＮＵ株式会社
E00891,46110,大日本塗料株式会社
E00892,46120,日本ペイントホールディングス株式会社
E00893,46130,関西ペイント株式会社
E00895,46150,神東塗料株式会社
E00896,46160,川上塗料株式会社
E00897,46170,中国塗料株式会社
E00900,46190,日本特殊塗料株式会社
E00832,46200,藤倉化成株式会社
E00907,46210,ロックペイント株式会社
E00909,46230,株式会社アサヒペン
E00910,46240,イサム塗料株式会社
E00911,46250,アトミクス株式会社
E00913,46260,太陽ホールディングス株式会社
E00915,46270,ナトコ株式会社
E00916,46280,エスケー化研株式会社
E00917,46290,大伸化学株式会社
E41081,462A0,株式会社ＦＵＮＤＩＮＮＯ
E00901,46310,ＤＩＣ株式会社
E00905,46330,サカタインクス株式会社
E00903,46340,ａｒｔｉｅｎｃｅ株式会社
E00903,46340,東洋インキＳＣホールディングス株式会社
E00904,46350,東京インキ株式会社
E01044,46360,株式会社Ｔ＆Ｋ　ＴＯＫＡ
E40879,463A0,株式会社インテリックスホールディングス
E04953,46400,アンドール株式会社
E04954,46410,株式会社アルプス技研
E04955,46420,オリジナル設計株式会社
E04959,46440,イマジニア株式会社
E04958,46450,株式会社市進ホールディングス
E04962,46490,大成株式会社
E40854,464A0,株式会社ＱＰＳホールディングス
E04704,46500,ＳＤエンターテイメント株式会社
E04964,46510,株式会社サニックス
E04964,46510,株式会社サニックスホールディングス
E04967,46530,株式会社ダイオーズ
E04972,46570,株式会社環境管理センター
E04973,46580,日本空調サービス株式会社
E04975,46590,株式会社エイジス
E04707,46610,株式会社オリエンタルランド
E04976,46620,株式会社フォーカスシステムズ
E04978,46640,株式会社アール・エス・シー
E04926,46650,株式会社ダスキン
E04979,46660,パーク二四株式会社（定款上の商号　パーク２４株式会社）
E04980,46670,アイサンテクノロジー株式会社
E04981,46680,株式会社明光ネットワークジャパン
E04984,46690,株式会社ニッパンレンタル
E04982,46710,株式会社ファルコホールディングス
E04987,46730,川崎地質株式会社
E04988,46740,株式会社クレスコ
E04462,46760,株式会社フジ・メディア・ホールディングス
E04991,46780,株式会社　秀英予備校
E04990,46790,株式会社　田　谷
E04710,46800,株式会社ラウンドワン
E03969,46810,リゾートトラスト株式会社
E05025,46840,株式会社オービック
E04995,46850,株式会社菱友システムズ
E04996,46860,株式会社ジャストシステム
E04997,46870,ＴＤＣソフト株式会社
E05000,46890,ＬＩＮＥヤフー株式会社
E05000,46890,Ｚホールディングス株式会社
E05001,46900,日本パレットプール株式会社
E35136,46910,ワシントンホテル株式会社
E05056,46940,株式会社ビー・エム・エル
E05003,46960,ワタベウェディング株式会社
E05006,46990,ウチダエスコ株式会社
E41055,469A0,株式会社フィットクルー
E04999,47040,トレンドマイクロ株式会社
E05011,47050,株式会社クリップコーポレーション
E05015,47070,株式会社キタック
E05014,47080,りらいあコミュニケーションズ株式会社
E05017,47090,株式会社ＩＤホールディングス
E05020,47120,株式会社ＫｅｙＨｏｌｄｅｒ
E05024,47140,株式会社　リソー教育
E05024,47140,株式会社　リソー教育グループ
E05027,47160,日本オラクル株式会社
E05028,47180,株式会社早稲田アカデミー
E05029,47190,株式会社アルファシステムズ
E41149,471A0,ＮＳグループ株式会社
E05030,47200,株式会社城南進学研究社
E05033,47220,フューチャー株式会社
E05036,47250,株式会社ＣＡＣ　Ｈｏｌｄｉｎｇｓ
E05037,47260,ＳＢテクノロジー株式会社
E05042,47280,株式会社トーセ
E41144,472A0,株式会社ミラティブ
E05045,47320,株式会社ユー・エス・エス
E05048,47330,株式会社オービックビジネスコンサルタント
E05052,47340,株式会社ビーイング
E05053,47350,株式会社京進
E05054,47360,日本ラッド株式会社
E05059,47390,伊藤忠テクノソリューションズ株式会社
E02909,47430,株式会社アイティフォー
E05067,47450,株式会社東京個別指導学院
E05066,47460,株式会社東計電算
E05069,47480,株式会社　構造計画研究所
E05070,47500,株式会社ダイサン
E05072,47510,株式会社サイバーエージェント
E05075,47520,株式会社　昭和システムエンジニアリング
E05073,47540,株式会社トスネット
E05080,47550,楽天グループ株式会社
E05080,47550,楽天株式会社
E41115,475A0,株式会社ギミック
E05083,47600,株式会社アルファ
E05090,47610,株式会社さくらケーシーエス
E05091,47620,株式会社エックスネット
E05096,47630,株式会社クリーク・アンド・リバー社
E05094,47640,Ｎｅｘｕｓ　Ｂａｎｋ株式会社
E05097,47650,ＳＢＩグローバルアセットマネジメント株式会社
E05097,47650,モーニングスター株式会社
E05098,47660,株式会社ピーエイ
E05100,47670,株式会社テー・オー・ダブリュー
E05099,47680,株式会社　大塚商会
E05101,47690,株式会社インフォメーションクリエーティブ
E05101,47690,株式会社ＩＣ
E40991,476A0,辻・本郷ＩＴコンサルティング株式会社
E05106,47700,図研エルミック株式会社
E05107,47710,株式会社エフアンドエム
E05088,47720,株式会社ＳＭ　ＥＮＴＥＲＴＡＩＮＭＥＮＴ　ＪＡＰＡＮ
E05088,47720,株式会社ストリームメディアコーポレーション
E05116,47760,サイボウズ株式会社
E05114,47770,株式会社ガーラ
E41152,477A0,株式会社スタートライン
E05121,47810,日本ハウズイング株式会社
E05120,47830,ＮＣＤ株式会社
E05120,47830,日本コンピュータ・ダイナミクス株式会社
E05123,47840,ＧＭＯインターネット株式会社
E05123,47840,ＧＭＯアドパートナーズ株式会社
E41108,478A0,株式会社フツパー
E05135,47920,山田コンサルティンググループ株式会社
E41191,479A0,ＰＲＯＮＩ株式会社
E05143,48000,オリコン株式会社
E05145,48010,セントラルスポーツ株式会社
E05414,48090,パラカ株式会社
E41154,480A0,株式会社リブ・コンサルティング
E39009,48110,株式会社ドリーム・アーツ
E05147,48120,株式会社電通総研
E05147,48120,株式会社電通国際情報サービス
E05168,48130,株式会社ＡＣＣＥＳＳ
E05151,48140,ネクストウェア株式会社
E02458,48160,東映アニメーション株式会社
E05156,48190,株式会社デジタルガレージ
E05155,48200,株式会社イーエムシステムズ（商号　株式会社ＥＭシステムズ）
E05161,48240,株式会社メディアシーク
E05162,48250,株式会社ウェザーニューズ
E05163,48260,株式会社ＣＩＪ
E05325,48270,ビジネス・ワンホールディングス株式会社
E05167,48280,ビジネスエンジニアリング株式会社
E05169,48290,日本エンタープライズ株式会社
E05173,48320,ＪＦＥシステムズ株式会社
E05175,48330,株式会社Ｄｅｆ　ｃｏｎｓｕｌｔｉｎｇ
E05175,48330,株式会社Ｓｕｃｃｅｓｓ　Ｈｏｌｄｅｒｓ
E05176,48340,キャリアバンク株式会社
E05265,48370,シダックス株式会社
E04478,48380,スペースシャワーＳＫＩＹＡＫＩホールディングス株式会社
E04478,48380,株式会社スペースシャワーネットワーク
E04427,48390,株式会社ＷＯＷＯＷ
E41037,483A0,テラテクノロジー株式会社
E05183,48400,株式会社トライアイズ
E05187,48450,株式会社スカラ
E05191,48470,株式会社インテリジェント　ウェイブ
E05182,48480,株式会社フルキャストホールディングス
E05192,48490,エン株式会社
E05192,48490,エン・ジャパン株式会社
E40934,485A0,株式会社パワーエックス
E35169,48800,セルソース株式会社
E32989,48810,株式会社ファンペップ
E35510,48820,株式会社ペルセウスプロテオミクス
E35518,48830,株式会社モダリス
E36129,48840,クリングルファーマ株式会社
E36350,48850,室町ケミカル株式会社
E35791,48860,あすか製薬ホールディングス株式会社
E36190,48870,サワイグループホールディングス株式会社
E35496,48880,ステラファーマ株式会社
E36825,48890,株式会社レナサイエンス
E36956,48900,株式会社坪田ラボ
E37069,48910,㈱ティムス
E38156,48920,株式会社サイフューズ
E38453,48930,ノイルイミューン・バイオテック株式会社
E38688,48940,クオリプス株式会社
E38985,48960,株式会社ケイファーマ
E00988,49010,富士フイルムホールディングス株式会社
E00989,49020,コニカミノルタ株式会社
E00990,49110,株式会社資生堂
E00991,49120,ライオン株式会社
E00993,49140,高砂香料工業株式会社
E01027,49170,株式会社マンダム
E01035,49180,株式会社アイビー化粧品
E01039,49190,株式会社ミルボン
E01040,49200,株式会社日本色材工業研究所
E01046,49210,株式会社ファンケル
E01049,49220,株式会社コーセー
E01049,49220,株式会社コーセーホールディングス
E01059,49230,コタ株式会社
E01063,49250,株式会社ハーバー研究所
E23479,49260,株式会社シーボン
E24951,49270,株式会社ポーラ・オルビスホールディングス
E24991,49280,株式会社ノエビアホールディングス
E27016,49290,株式会社アジュバンホールディングス
E27016,49290,株式会社アジュバンコスメジャパン
E31959,49300,株式会社グラフィコ
E34965,49310,新日本製薬株式会社
E35568,49320,株式会社アルマード
E35928,49330,株式会社Ｉ－ｎｅ
E36046,49340,プレミアアンチエイジング株式会社
E36133,49350,株式会社リベルタ
E36321,49360,株式会社アクシージア
E36697,49370,株式会社Ｗａｑｏｏ
E01019,49510,エステー株式会社
E21969,49520,株式会社エス・ディー・エス　バイオテック
E00860,49550,アグロ　カネショウ株式会社
E02686,49560,コニシ株式会社
E01033,49570,ヤスハラケミカル株式会社
E01034,49580,長谷川香料株式会社
E00868,49600,ケミプロ化成株式会社
E00889,49620,互応化学工業株式会社
E01041,49630,星光ＰＭＣ株式会社
E01045,49660,上村工業株式会社
E01047,49670,小林製薬株式会社
E01048,49680,荒川化学工業株式会社
E01051,49700,東洋合成工業株式会社
E01054,49710,メック株式会社
E01055,49720,綜研化学株式会社
E01060,49730,日本高純度化学株式会社
E02474,49740,タカラバイオ株式会社
E01065,49750,株式会社ＪＣＵ
E01068,49760,東洋ドライルーブ株式会社
E26061,49770,新田ゼラチン株式会社
E27585,49780,株式会社リプロセル
E30697,49790,ＯＡＴアグリオ株式会社
E31633,49800,デクセリアルズ株式会社
E01015,49850,アース製薬株式会社
E01011,49870,株式会社寺岡製作所
E01172,49900,昭和化学工業株式会社
E01001,49920,北興化学工業株式会社
E01058,49940,大成ラミックグループ株式会社
E01058,49940,大成ラミック株式会社
E01009,49950,サンケイ化学株式会社
E00828,49960,クミアイ化学工業株式会社
E00937,49970,日本農薬株式会社
E01007,49980,フマキラー株式会社
E01010,49990,セメダイン株式会社
E01073,50080,東亜石油株式会社
E01076,50090,富士興産株式会社
E41257,500A0,株式会社ＴＯブックス
E01005,50100,日本精蝋株式会社
E01077,50110,ニチレキグループ株式会社
E01077,50110,ニチレキ株式会社
E01080,50130,株式会社ユシロ
E01080,50130,ユシロ化学工業株式会社
E02800,50150,ビーピー・カストロール株式会社
E01081,50160,ＪＸ金属株式会社
E01082,50170,富士石油株式会社
E01083,50180,株式会社ＭＯＲＥＳＣＯ
E01084,50190,出光興産株式会社
E24050,50200,ＥＮＥＯＳホールディングス株式会社
E31632,50210,コスモエネルギーホールディングス株式会社
E37397,50250,株式会社マーキュリーリアルテックイノベーター
E37397,50250,株式会社マーキュリー
E37458,50260,株式会社トリプルアイズ
E37466,50270,ＡｎｙＭｉｎｄ　Ｇｒｏｕｐ株式会社
E37506,50280,セカンドサイトアナリティカ株式会社
E37603,50290,サークレイス株式会社
E37333,50310,モイ株式会社
E37573,50320,ＡＮＹＣＯＬＯＲ株式会社
E37435,50330,株式会社ヌーラボ
E37815,50340,株式会社ｕｎｅｒｒｙ
E37790,50350,ＨＯＵＳＥＩ株式会社
E37833,50360,日本ビジネスシステムズ株式会社
E37902,50380,株式会社ｅＷｅＬＬ
E37950,50390,株式会社キットアライブ
E41318,504A0,イノバセル株式会社
E41309,505A0,株式会社ギークリー
E35535,50700,株式会社ドラフト
E34454,50710,株式会社ヴィス
E36412,50740,テスホールディングス株式会社
E36862,50750,アップコン株式会社
E36723,50760,インフロニア・ホールディングス株式会社
E37456,50780,株式会社セレコーポレーション
E37468,50790,株式会社ノバック
E01085,51010,横浜ゴム株式会社
E01088,51030,昭和ホールディングス株式会社
E01089,51040,日東化工株式会社
E01090,51050,ＴＯＹＯ　ＴＩＲＥ株式会社
E01086,51080,株式会社ブリヂストン
E01110,51100,住友ゴム工業株式会社
E01094,51210,藤倉コンポジット株式会社
E01100,51220,オカモト株式会社
E37482,51250,株式会社ファインズ
E37926,51260,ポーターズ株式会社
E37939,51270,株式会社グッピーズ
E37795,51280,株式会社ＷＯＷ　ＷＯＲＬＤ　ＧＲＯＵＰ
E37959,51290,株式会社ＦＩＸＥＲ
E37987,51310,リンカーズ株式会社
E38008,51320,株式会社ｐｌｕｓｚｅｒｏ
E37914,51330,株式会社テリロジーホールディングス
E38036,51340,株式会社ＰＯＰＥＲ
E38072,51360,ｔｒｉｐｌａ株式会社
E38205,51370,株式会社スマートドライブ
E38171,51380,株式会社Ｒｅｂａｓｅ
E38180,51390,オープンワーク株式会社
E01096,51420,アキレス株式会社
E01112,51610,西川ゴム工業株式会社
E01115,51620,株式会社朝日ラバー
E01114,51840,株式会社ニチリン
E01113,51850,株式会社フコク
E01111,51860,ニッタ株式会社
E02416,51870,クリエートメディック株式会社
E01107,51890,櫻護謨株式会社
E01097,51910,住友理工株式会社
E01098,51920,三ツ星ベルト株式会社
E01095,51940,相模ゴム工業株式会社
E01092,51950,バンドー化学株式会社
E01109,51990,不二ラテックス株式会社
E41486,519A0,株式会社ベーシック
E01122,52010,ＡＧＣ株式会社
E01121,52020,日本板硝子株式会社
E01123,52040,石塚硝子株式会社
E01152,52080,株式会社有沢製作所
E41488,520A0,ジェイファーマ株式会社
E01126,52100,日本山村硝子株式会社
E01186,52120,不二硝子株式会社
E01190,52140,日本電気硝子株式会社
E01205,52160,株式会社倉元製作所
E01217,52170,テクノクオーツ株式会社
E01170,52180,株式会社オハラ
E01127,52320,住友大阪セメント株式会社
E01130,52330,太平洋セメント株式会社
E01166,52370,株式会社ノザワ
E41409,523A0,株式会社セイワホールディングス
E38157,52400,ｍｏｎｏＡＩ　ｔｅｃｈｎｏｌｏｇｙ株式会社
E38373,52410,株式会社日本オーエー研究所
E38163,52420,株式会社アイズ
E38043,52430,ｎｏｔｅ株式会社
E38201,52440,株式会社ｊｉｇ．ｊｐ
E38169,52460,株式会社ＥＬＥＭＥＮＴＳ
E38191,52470,株式会社ＢＴＭ
E38256,52480,株式会社テクノロジーズ
E38367,52500,ＧＭＯプライム・ストラテジー株式会社
E38367,52500,プライム・ストラテジー株式会社
E38474,52520,日本ナレッジ株式会社
E38478,52530,カバー株式会社
E38472,52540,株式会社Ａｒｅｎｔ
E38477,52550,株式会社モンスターラボホールディングス
E38477,52550,株式会社モンスターラボ
E38460,52560,株式会社Ｆｕｓｉｃ
E38335,52570,ノバシステム株式会社
E38491,52580,株式会社トランザクション・メディア・ネットワークス
E38288,52590,ＢＢＤイニシアティブ株式会社
E01156,52610,リソルホールディングス株式会社
E01157,52620,日本ヒューム株式会社
E01143,52680,旭コンクリート工業株式会社
E01142,52690,日本コンクリート工業株式会社
E01165,52710,株式会社トーヨーアサノ
E01169,52730,三谷セキサン株式会社
E01174,52770,株式会社スパンクリートコーポレーション
E01200,52790,日本興業株式会社
E01202,52800,ヨシコン株式会社
E01206,52820,ジオスター株式会社
E01208,52830,株式会社高見澤
E01211,52840,ヤマウホールディングス株式会社
E01211,52840,株式会社ヤマウ
E01212,52850,株式会社ヤマックス
E01216,52870,株式会社イトーヨーギョー
E01222,52880,アジアパイルホールディングス株式会社
E34137,52900,株式会社ベルテクスコーポレーション
E01162,53010,東海カーボン株式会社
E01140,53020,日本カーボン株式会社
E01173,53040,ＳＥＣカーボン株式会社
E01223,53100,東洋炭素株式会社
E01139,53310,株式会社ノリタケカンパニーリミテド
E01139,53310,ノリタケ株式会社
E01138,53320,ＴＯＴＯ株式会社
E01137,53330,日本碍子株式会社
E01137,53330,ＮＧＫ株式会社
E01136,53340,日本特殊陶業株式会社
E01141,53370,ダントーホールディングス株式会社
E01176,53410,ＡＳＡＨＩ　ＥＩＴＯホールディングス株式会社
E01176,53410,アサヒ衛陶株式会社
E01177,53420,ジャニス工業株式会社
E01135,53430,ニッコー株式会社
E01210,53440,株式会社ＭＡＲＵＷＡ
E01146,53510,品川リフラクトリーズ株式会社
E01146,53510,品川リフラ株式会社
E01150,53520,黒崎播磨株式会社
E01131,53550,日本坩堝株式会社
E01180,53560,美濃窯業株式会社
E01147,53570,株式会社　ヨータイ
E01145,53580,イソライト工業株式会社
E01149,53630,東京窯業株式会社
E01188,53670,株式会社ニッカトー
E35497,53680,日本インシュレーション株式会社
E01219,53800,新東株式会社
E01218,53810,マイポックス株式会社
E01218,53810,Ｍｉｐｏｘ株式会社
E01207,53840,株式会社フジミインコーポレーテッド
E01204,53860,株式会社鶴弥
E01197,53870,チヨダウーテ株式会社
E01195,53880,クニミネ工業株式会社
E01163,53910,株式会社エーアンドエーマテリアル
E01151,53930,ニチアス株式会社
E01185,53950,理研コランダム株式会社
E01225,54010,日本製鉄株式会社
E01231,54060,株式会社　神戸製鋼所
E01229,54080,株式会社中山製鋼所
E01235,54100,合同製鐵株式会社
E01264,54110,ＪＦＥホールディングス株式会社
E01264,54110,ジェイ　エフ　イー　ホールディングス株式会社
E01261,54230,東京製鐵株式会社
E41130,543A0,ＡＲＣＨＩＯＮ株式会社
E01266,54400,共英製鋼株式会社
E01259,54440,大和工業株式会社
E01292,54450,東京鐵鋼株式会社
E01260,54460,北越メタル株式会社
E01262,54490,大阪製鐵株式会社
E01247,54510,株式会社淀川製鋼所
E01247,54510,株式会社ヨドコウ
E01275,54580,高砂鐵工株式会社
E01251,54610,中部鋼鈑株式会社
E01253,54630,丸一鋼管株式会社
E01315,54640,モリ工業株式会社
E01239,54710,大同特殊鋼株式会社
E01240,54760,日本高周波鋼業株式会社
E01242,54800,日本冶金工業株式会社
E01243,54810,山陽特殊製鋼株式会社
E01234,54820,愛知製鋼株式会社
E01245,54840,東北特殊鋼株式会社
E01244,54860,日立金属株式会社
E41485,548A0,株式会社システムエグゼ
E01276,54910,日本金属株式会社
E41452,549A0,ヒトトヒトホールディングス株式会社
E41331,550A0,株式会社ソフトテックス
E38129,55270,株式会社ｐｒｏｐｅｒｔｙ　ｔｅｃｈｎｏｌｏｇｉｅｓ
E38512,55300,日本システムバンク株式会社
E38667,55320,株式会社リアルゲイト
E38634,55330,株式会社エリッツホールディングス
E38760,55350,ミガロホールディングス株式会社
E39023,55370,株式会社ＡｌｂａＬｉｎｋ
E01254,55410,大平洋金属株式会社
E01257,55420,新報国製鉄株式会社
E01257,55420,新報国マテリアル株式会社
E41514,554A0,株式会社バトンズ
E01256,55630,新日本電工株式会社
E41554,556A0,犬猫生活株式会社
E38541,55700,株式会社ジェノバ
E34326,55710,エキサイトホールディングス株式会社
E38567,55720,株式会社Ｒｉｄｇｅ－ｉ
E38109,55740,株式会社ＡＢＥＪＡ
E38662,55750,株式会社Ｇｌｏｂｅｅ
E38645,55760,株式会社オービーシステム
E38690,55770,株式会社アイデミー
E38654,55780,ＡＲアドバンストテクノロジ株式会社
E38685,55790,株式会社ＧＳＩ
E38641,55800,株式会社プロディライト
E38683,55820,株式会社グリッド
E38765,55850,エコナビスタ株式会社
E38755,55860,株式会社Ｌａｂｏｒｏ．ＡＩ
E38864,55870,株式会社インバウンドプラットフォーム
E38948,55880,ファーストアカウンティング株式会社
E38919,55890,株式会社オートサーバー
E41566,558A0,株式会社ＳＱＵＥＥＺＥ
E38957,55900,株式会社ネットスターズ
E38949,55910,株式会社ＡＶＩＬＥＮ
E38965,55920,株式会社くすりの窓口
E39137,55950,株式会社ＱＰＳ研究所
E39126,55960,アウトルックコンサルティング株式会社
E39114,55970,ブルーイノベーション株式会社
E39122,55990,Ｓ＆Ｊ株式会社
E40689,559A0,梅乃宿酒造株式会社
E01268,56020,株式会社栗本鐵工所
E01269,56030,虹技株式会社
E01284,56070,中央可鍛工業株式会社
E01236,56090,日本鋳造株式会社
E01238,56100,大和重工株式会社
E01283,56120,日本鋳鉄管株式会社
E21200,56140,株式会社川金ホールディングス
E39162,56160,株式会社雨風太陽
E39203,56180,ナイル株式会社
E39171,56190,マーソ株式会社
E39194,56210,株式会社ヒューマンテクノロジーズ
E01232,56310,株式会社日本製鋼所
E01233,56320,三菱製鋼株式会社
E02185,56440,株式会社メタルアート
E01287,56580,日亜鋼業株式会社
E01280,56590,日本精線株式会社
E01282,56600,神鋼鋼線工業株式会社
E35543,56900,リバーホールディングス株式会社
E01294,56950,パウダーテック株式会社
E01296,56970,株式会社サンユウ
E27868,56980,株式会社エンビプロ・ホールディングス
E34130,56990,株式会社イボキン
E01318,57020,株式会社大紀アルミニウム工業所
E26707,57030,日本軽金属ホールディングス株式会社
E32770,57040,株式会社ＪＭＣ
E00024,57060,三井金属鉱業株式会社
E00024,57060,三井金属株式会社
E01308,57070,東邦亜鉛株式会社
E00021,57110,三菱マテリアル株式会社
E00023,57130,住友金属鉱山株式会社
E00028,57140,ＤＯＷＡホールディングス株式会社
E00032,57150,古河機械金属株式会社
E01300,57210,エスクリプトエナジー株式会社
E01300,57210,株式会社エス・サイエンス
E21649,57240,株式会社アサカ理研
E01327,57260,株式会社大阪チタニウムテクノロジーズ
E01301,57270,東邦チタニウム株式会社
E00026,57290,日本精鉱株式会社
E01330,57410,株式会社ＵＡＣＪ
E01331,57420,エヌアイシ・オートテック株式会社
E01305,57530,日本伸銅株式会社
E36698,57590,日本電解株式会社
E01401,57810,東邦金属株式会社
E01332,58010,古河電気工業株式会社
E01333,58020,住友電気工業株式会社
E01334,58030,株式会社フジクラ
E01336,58050,ＳＷＣＣ株式会社
E01336,58050,昭和電線ホールディングス株式会社
E01337,58070,東京特殊電線株式会社
E01338,58090,タツタ電線株式会社
E00846,58160,オーナンバ株式会社
E01348,58170,ＪＭＡＣＳ株式会社
E01350,58190,カナレ電気株式会社
E41784,581A0,ＧＯ株式会社
E01351,58200,株式会社三ッ星
E01352,58210,平河ヒューテック株式会社
E37725,58300,株式会社いよぎんホールディングス
E37777,58310,株式会社しずおかフィナンシャルグループ
E37785,58320,株式会社ちゅうぎんフィナンシャルグループ
E37986,58340,ＳＢＩリーシングサービス株式会社
E38164,58360,株式会社エージェント・インシュアランス・グループ
E03621,58380,楽天銀行株式会社
E25156,58420,インテグラル株式会社
E38716,58430,ニッポンインシュア株式会社
E38714,58440,株式会社京都フィナンシャルグループ
E39018,58450,全保連株式会社
E01379,58510,リョービ株式会社
E01303,58520,株式会社アーレスティ
E01329,58560,株式会社エルアイイーエイチ
E21187,58570,ＡＲＥホールディングス株式会社
E21187,58570,アサヒホールディングス株式会社
E36844,58580,株式会社ＳＴＧ
E38078,58670,株式会社エスネットワークス
E39136,58680,株式会社ロココ
E39165,58690,株式会社早稲田学習研究会
E39158,58700,株式会社ナルネットコミュニケーションズ
E35118,58710,ＳＯＬＩＺＥ株式会社
E35118,58710,ＳＯＬＩＺＥ　Ｈｏｌｄｉｎｇｓ株式会社
E38682,58840,株式会社クラダシ
E38684,58850,株式会社ジーデップ・アドバンス
E38738,58880,ＤＡＩＷＡ　ＣＹＣＬＥ株式会社
E39074,58890,Ｊａｐａｎ　Ｅｙｅｗｅａｒ　Ｈｏｌｄｉｎｇｓ株式会社
E39133,58910,株式会社魁力屋
E39133,58910,株式会社ＳＡＫＩＧＡＫＥホールディングス
E39222,58920,株式会社ｙｕｔｏｒｉ
E01325,59000,株式会社ダイケン
E01353,59010,東洋製罐グループホールディングス株式会社
E01354,59020,ホッカンホールディングス株式会社
E02448,59030,シンポ株式会社
E01408,59050,日本製罐株式会社
E02409,59060,エムケー精工株式会社
E01436,59070,ＪＦＥコンテイナー株式会社
E01444,59090,株式会社　コロナ
E01355,59110,株式会社横河ブリッジホールディングス
E01358,59120,ＯＳＪＢホールディングス株式会社
E01362,59150,株式会社駒井ハルテック
E01364,59180,瀧上工業株式会社
E01381,59210,川岸工業株式会社
E01365,59220,那須電機鉄工株式会社
E01373,59230,高田機工株式会社
E01320,59280,アルメタックス株式会社
E01385,59290,三和ホールディングス株式会社
E01413,59300,文化シヤッター株式会社
E26831,59320,三協立山株式会社
E01430,59330,アルインコ株式会社
E01433,59350,元旦ビューティ工業株式会社
E01415,59360,東洋シヤッター株式会社
E01317,59380,株式会社ＬＩＸＩＬ
E01425,59390,株式会社大谷工業
E01422,59400,不二サッシ株式会社
E01445,59410,株式会社　中西製作所
E01370,59420,日本フイルコン株式会社
E02379,59430,株式会社ノーリツ
E01426,59450,天龍製鋸株式会社
E01659,59460,株式会社長府製作所
E01417,59470,リンナイ株式会社
E02194,59490,ユニプレス株式会社
E01421,59500,日本パワーファスニング株式会社
E01427,59510,ダイニチ工業株式会社
E01368,59520,アマテイ株式会社
E01688,59530,昭和鉄工株式会社
E01369,59550,株式会社ワイズホールディングス
E01369,59550,株式会社ヤマシナ
E02442,59560,トーソー株式会社
E02296,59570,日東精工株式会社
E01409,59580,三洋工業株式会社
E01412,59590,岡部株式会社
E01391,59620,浅香工業株式会社
E01376,59640,東洋刄物株式会社
E02445,59650,株式会社フジマック
E01420,59660,京都機械工具株式会社
E01380,59670,ＴＯＮＥ株式会社
E01403,59690,株式会社ロブテックス
E02228,59700,株式会社ジーテクト
E01442,59710,株式会社共和工業所
E01441,59730,株式会社トーアミ
E01366,59740,中国工業株式会社
E01382,59750,東プレ株式会社
E01400,59760,高周波熱錬株式会社
E01448,59790,カネソウ株式会社
E01378,59810,東京製綱株式会社
E02438,59820,株式会社マルゼン
E01439,59830,イワブチ株式会社
E01437,59840,兼房株式会社
E01402,59850,サンコール株式会社
E01411,59860,モリテックスチール株式会社
E01446,59870,株式会社オーネックス
E01438,59880,株式会社パイオラックス
E02222,59890,株式会社エイチワン
E41917,598A0,チャットプラス株式会社
E01435,59900,株式会社スーパーツール
E01367,59910,日本発條株式会社
E01405,59920,中央発條株式会社
E01419,59930,知多鋼業株式会社
E01396,59940,株式会社ファインシンター
E01431,59970,協立エアテック株式会社
E01393,59980,株式会社　アドバネクス
E01395,59990,イハラサイエンス株式会社
E01478,60050,三浦工業株式会社
E01469,60130,株式会社タクマ
E01474,60160,株式会社ジャパンエンジンコーポレーション
E01471,60180,阪神内燃機工業株式会社
E01475,60220,株式会社　赤阪鐵工所
E01477,60230,ダイハツディーゼル株式会社
E01477,60230,ダイハツインフィニアース株式会社
E30999,60250,日本ＰＣサービス株式会社
E31055,60260,ＧＭＯ　ＴＥＣＨ株式会社
E31009,60270,弁護士ドットコム株式会社
E31030,60280,テクノプロ・ホールディングス株式会社
E30998,60290,アトラグループ株式会社
E30998,60290,アトラ株式会社
E31036,60300,株式会社アドベンチャー
E31089,60310,ＺＥＴＡ株式会社
E31089,60310,サイジニア株式会社
E31103,60320,株式会社インターワークス
E31079,60330,株式会社エクストリーム
E31071,60340,ＭＲＴ株式会社
E31054,60350,株式会社アイ・アールジャパンホールディングス
E31216,60360,ＫｅｅＰｅｒ技研株式会社
E31248,60370,楽待株式会社
E31248,60370,株式会社ファーストロジック
E31343,60380,株式会社イード
E31381,60390,株式会社日本動物高度医療センター
E40439,603A0,株式会社アイ・グリッド・ソリューションズ
E31408,60400,日本スキー場開発株式会社
E02171,60420,株式会社ニッキ
E31379,60440,株式会社三機サービス
E31446,60450,株式会社レントラックス
E31448,60460,株式会社リンクバル
E31454,60470,株式会社Ｇｕｎｏｓｙ
E31425,60480,株式会社デザインワン・ジャパン
E31424,60490,株式会社イトクロ
E24917,60500,イー・ガーディアン株式会社
E26032,60540,株式会社リブセンス
E26124,60550,ジャパンマテリアル株式会社
E26428,60580,株式会社ベクトル
E26454,60590,株式会社ウチヤマホールディングス
E26443,60600,こころネット株式会社
E26446,60610,株式会社ユニバーサル園芸社
E26444,60620,株式会社チャーム・ケア・コーポレーション
E26625,60630,日本エマージェンシーアシスタンス株式会社
E26631,60640,株式会社アクトコール
E26836,60670,インパクトホールディングス株式会社
E26933,60690,トレンダーズ株式会社
E26839,60700,キャリアリンク株式会社
E27066,60710,株式会社ＩＢＪ
E27059,60720,地盤ネットホールディングス株式会社
E27303,60730,株式会社アサンテ
E27506,60740,株式会社ジェイエスエス
E27761,60760,株式会社アメイズ
E27723,60770,株式会社Ｎ・フィールド
E22470,60780,株式会社バリューＨＲ
E30022,60800,Ｍ＆Ａキャピタルパートナーズ株式会社
E30053,60810,アライドアーキテクツ株式会社
E30065,60820,株式会社ライドオンエクスプレスホールディングス
E27855,60830,ＥＲＩホールディングス株式会社
E30119,60850,アーキテクツ・スタジオ・ジャパン株式会社
E30120,60860,シンメンテホールディングス株式会社
E27043,60870,株式会社アビスト
E30130,60880,株式会社シグマクシス
E30130,60880,株式会社シグマクシス・ホールディングス
E30140,60890,株式会社ウィルグループ
E30071,60900,ヒューマン・メタボローム・テクノロジーズ株式会社
E30042,60910,株式会社ウエスコホールディングス
E30445,60920,株式会社エンバイオ・ホールディングス
E30476,60930,株式会社エスクロー・エージェント・ジャパン
E30648,60940,株式会社フリークアウト・ホールディングス
E30650,60950,メドピア株式会社
E30682,60960,株式会社レアジョブ
E07801,60980,株式会社リクルートホールディングス
E30929,60990,株式会社エラン
E01480,61010,株式会社ツガミ
E01481,61030,オークマ株式会社
E01482,61040,芝浦機械株式会社
E01550,61110,旭精機工業株式会社
E01486,61130,株式会社アマダ
E01545,61180,アイダエンジニアリング株式会社
E01490,61210,株式会社滝澤鉄工所
E01490,61210,株式会社ＴＡＫＩＳＡＷＡ
E01493,61250,株式会社岡本工作機械製作所
E01492,61310,浜井産業株式会社
E01495,61340,株式会社ＦＵＪＩ
E01496,61350,株式会社　牧野フライス製作所
E01377,61360,オーエスジー株式会社
E00794,61370,小池酸素工業株式会社
E01488,61380,ダイジェット工業株式会社
E01499,61400,旭ダイヤモンド工業株式会社
E01502,61410,ＤＭＧ森精機株式会社
E01503,61420,富士精工株式会社
E01504,61430,株式会社ソディック
E01930,61440,西部電機株式会社
E01981,61450,ＮＩＴＴＯＫＵ株式会社
E01506,61460,株式会社ディスコ
E01507,61470,株式会社ヤマザキ
E01692,61490,株式会社小田原エンジニアリング
E01508,61500,タケダ機械株式会社
E01509,61510,日東工器株式会社
E01510,61550,高松機械工業株式会社
E02343,61560,株式会社エーワン精密
E01729,61570,日進工具株式会社
E01511,61580,株式会社和井田製作所
E02478,61590,ミクロン精密株式会社
E01730,61610,株式会社エスティック
E02360,61640,株式会社太陽工機
E27063,61650,パンチ工業株式会社
E31542,61660,株式会社中村超硬
E31594,61670,冨士ダイス株式会社
E31723,61710,株式会社土木管理総合試験所
E31732,61720,株式会社メタップス
E31694,61730,株式会社アクアライン
E31745,61750,株式会社ネットマーケティング
E31776,61760,株式会社ブランジスタ
E31817,61770,ＡｐｐＢａｎｋ株式会社
E31748,61780,日本郵政株式会社
E31854,61800,ＧＭＯメディア株式会社
E31855,61810,タメニー株式会社
E31901,61820,株式会社ロゼッタ
E31901,61820,株式会社メタリアル
E31896,61830,株式会社ベルシステム２４ホールディングス
E31871,61840,株式会社鎌倉新書
E31958,61850,ＳＭＮ株式会社
E31997,61860,株式会社一蔵
E32144,61870,株式会社ＬＩＴＡＬＩＣＯ
E32168,61880,富士ソフトサービスビューロ株式会社
E32156,61890,株式会社グローバルキッズＣＯＭＰＡＮＹ
E32153,61900,株式会社フェニックスバイオ
E32194,61910,株式会社エアトリ
E32220,61920,ハイアス・アンド・カンパニー株式会社
E32203,61930,バーチャレクス・ホールディングス株式会社
E32400,61940,株式会社アトラエ
E32405,61950,株式会社ホープ
E32380,61960,株式会社ストライクグループ
E32380,61960,株式会社ストライク
E04878,61970,株式会社ソラスト
E32193,61980,株式会社キャリア
E32397,61990,株式会社セラク
E32495,62000,株式会社インソース
E01514,62010,株式会社豊田自動織機
E01515,62030,豊和工業株式会社
E01516,62050,ＯＫＫ株式会社
E01516,62050,ニデックオーケーケー株式会社
E01518,62080,株式会社石川製作所
E38761,62090,リケンＮＰＲ株式会社
E01528,62100,東洋機械金属株式会社
E01528,62100,ＴＯＹＯイノベックス株式会社
E01524,62170,津田駒工業株式会社
E01521,62180,エンシュウ株式会社
E01531,62220,株式会社島精機製作所
E38926,62230,株式会社　西部技研
E38780,62240,株式会社ＪＲＣ
E38483,62250,株式会社エコム
E37499,62260,守谷輸送機工業株式会社
E36750,62270,ＡＩメカテック株式会社
E36545,62280,株式会社ジェイ・イー・ティ
E36098,62290,株式会社オーケーエム
E35587,62300,ＳＡＮＥＩ株式会社
E35449,62310,木村工機株式会社
E34514,62320,株式会社自律制御システム研究所
E34514,62320,株式会社ＡＣＳＬ
E34273,62330,ＫＬＡＳＳ株式会社
E34273,62330,極東産機株式会社
E33594,62350,株式会社オプトラン
E32026,62360,ＮＣホールディングス株式会社
E32189,62370,株式会社イワキ
E11661,62380,フリュー株式会社
E31575,62390,株式会社ナガオカ
E30917,62400,ヤマシンフィルタ株式会社
E01548,62450,株式会社ヒラノテクシード
E01628,62460,株式会社テクノスマート
E01643,62470,株式会社日阪製作所
E27530,62480,株式会社横田製作所
E25169,62490,株式会社ゲームカードホールディングス
E25169,62490,株式会社ゲームカード・ジョイコホールディングス
E21258,62500,株式会社やまびこ
E01735,62540,野村マイクロ・サイエンス株式会社
E01734,62550,株式会社エヌ・ピー・シー
E02488,62570,株式会社藤商事
E01733,62580,平田機工株式会社
E01731,62620,株式会社ＰＥＧＡＳＵＳ
E01731,62620,ペガサスミシン製造株式会社
E01465,62640,株式会社マルマエ
E01728,62650,株式会社妙徳
E01728,62650,コンバム株式会社
E02350,62660,タツモ株式会社
E02469,62670,ゼネラルパッカー株式会社
E01726,62680,ナブテスコ株式会社
E01725,62690,三井海洋開発株式会社
E01641,62710,株式会社ニッセイ
E01670,62720,レオン自動機株式会社
E01673,62730,ＳＭＣ株式会社
E01675,62760,シリウスビジョン株式会社
E01676,62770,ホソカワミクロン株式会社
E01505,62780,ユニオンツール株式会社
E01677,62790,株式会社瑞光
E01658,62810,株式会社前田製作所
E01642,62820,オイレス工業株式会社
E01682,62840,日精エー・エス・ビー機械株式会社
E01684,62860,靜甲株式会社
E01685,62870,株式会社サトー
E01685,62870,サトーホールディングス株式会社
E01690,62890,株式会社技研製作所
E02421,62910,日本エアーテック株式会社
E01694,62920,株式会社カワタ
E01695,62930,日精樹脂工業株式会社
E01696,62940,オカダアイヨン株式会社
E01697,62950,富士変速機株式会社
E01699,62970,鉱研工業株式会社
E02008,62980,ワイエイシイホールディングス株式会社
E01700,62990,株式会社神鋼環境ソリューション
E01532,63010,株式会社小松製作所
E01533,63020,住友重機械工業株式会社
E01703,63030,株式会社ササクラ
E01585,63050,日立建機株式会社
E01372,63060,日工株式会社
E01704,63070,サンセイ株式会社
E01705,63090,巴工業株式会社
E01563,63100,井関農機株式会社
E01706,63120,フロイント産業株式会社
E01708,63150,ＴＯＷＡ株式会社
E01568,63160,株式会社丸山製作所
E01584,63170,株式会社北川鉄工所
E01289,63190,株式会社シンニッタン
E01711,63220,株式会社タクミナ
E02328,63230,ローツェ株式会社
E01712,63240,株式会社ハーモニック・ドライブ・システムズ
E01617,63250,株式会社タカキタ
E01267,63260,株式会社　クボタ
E01713,63270,北川精機株式会社
E01714,63280,荏原実業株式会社
E01661,63300,東洋エンジニアリング株式会社
E01536,63310,三菱化工機株式会社
E01537,63320,月島ホールディングス株式会社
E01537,63320,月島機械株式会社
E01761,63330,株式会社帝国電機製作所
E01761,63330,株式会社ＴＥＩＫＯＫＵ
E01538,63340,明治機械株式会社
E01539,63350,株式会社東京機械製作所
E02047,63360,株式会社石井表記
E02049,63370,株式会社テセック
E01715,63380,株式会社タカトリ
E01541,63390,新東工業株式会社
E01666,63400,澁谷工業株式会社
E01547,63420,株式会社太平製作所
E01620,63430,フリージア・マクロス株式会社
E01657,63450,株式会社アイチコーポレーション
E01629,63460,キクカワエンタープライズ株式会社
E01651,63470,株式会社プラコー
E01667,63490,株式会社小森コーポレーション
E01662,63510,株式会社鶴見製作所
E02255,63550,住友精密工業株式会社
E02173,63560,日本ギア工業株式会社
E01632,63570,三精テクノロジーズ株式会社
E01610,63580,酒井重工業株式会社
E01534,63600,株式会社　東京自働機械製作所
E01542,63610,株式会社荏原製作所
E01543,63620,株式会社石井鐵工所
E01636,63630,株式会社酉島製作所
E01663,63640,株式会社ＡＩＲＭＡＮ
E01663,63640,北越工業株式会社
E01544,63650,株式会社電業社機械製作所
E01569,63660,千代田化工建設株式会社
E01570,63670,ダイキン工業株式会社
E01571,63680,オルガノ株式会社
E01572,63690,トーヨーカネツ株式会社
E01573,63700,栗田工業株式会社
E01578,63710,株式会社椿本チエイン
E01580,63730,大同工業株式会社
E01591,63760,日機装株式会社
E01546,63780,木村化工機株式会社
E01577,63790,レイズネクスト株式会社
E01581,63800,オリエンタルチエン工業株式会社
E01554,63810,アネスト岩田株式会社
E01627,63820,トリニティ工業株式会社
E01551,63830,株式会社ダイフク
E01719,63840,株式会社昭和真空
E02060,63870,サムコ　株式会社
E01583,63900,株式会社加藤製作所
E01529,63910,株式会社加地テック
E02180,63920,株式会社　ヤマダコーポレーション
E01612,63930,油研工業株式会社
E01613,63950,株式会社タダノ
E01635,63960,株式会社宇野澤組鐵工所
E02462,64000,不二精機株式会社
E01721,64020,兼松エンジニアリング株式会社
E01646,64030,水道機工株式会社
E01724,64050,鈴茂器工株式会社
E01622,64060,フジテック株式会社
E01909,64070,ＣＫＤ株式会社
E01647,64080,小倉クラッチ株式会社
E01634,64090,株式会社キトー
E01671,64110,中野冷機株式会社
E02403,64120,株式会社平和
E02410,64130,理想科学工業株式会社
E01681,64140,川重冷熱工業株式会社
E02000,64160,桂川電機株式会社
E02419,64170,株式会社三共
E01698,64180,日本金銭機械株式会社
E02424,64190,株式会社マースグループホールディングス
E02006,64200,フクシマガリレイ株式会社
E02006,64200,ガリレイ株式会社
E02025,64240,株式会社高見沢サイバネティックス
E02452,64250,株式会社ユニバーサルエンターテインメント
E01718,64280,株式会社オーイズミ
E02073,64300,ダイコク電機株式会社
E01723,64320,株式会社竹内製作所
E01727,64330,ヒーハイスト株式会社
E01590,64360,アマノ株式会社
E01277,64390,中日本鋳工株式会社
E01596,64400,ＪＵＫＩ株式会社
E01913,64440,サンデン株式会社
E01913,64440,サンデンホールディングス株式会社
E01595,64450,株式会社ジャノメ
E01595,64450,蛇の目ミシン工業株式会社
E01594,64480,ブラザー工業株式会社
E02381,64540,マックス株式会社
E01653,64550,株式会社モリタホールディングス
E01650,64570,グローリー株式会社
E01669,64580,新晃工業株式会社
E01961,64590,大和冷機工業株式会社
E01961,64590,だいわ株式会社
E02475,64600,セガサミーホールディングス株式会社
E01597,64610,日本ピストンリング株式会社
E01598,64620,株式会社リケン
E01599,64630,ＴＰＲ株式会社
E31954,64640,株式会社ツバキ・ナカシマ
E01654,64650,ホシザキ株式会社
E01716,64660,株式会社ＴＶＥ
E01456,64670,株式会社ニチダイ
E01454,64690,株式会社　放電精密加工研究所
E02199,64700,大豊工業株式会社
E01600,64710,日本精工株式会社
E01601,64720,ＮＴＮ株式会社
E01602,64730,株式会社ジェイテクト
E01603,64740,株式会社不二越
E01607,64790,ミネベアミツミ株式会社
E01631,64800,日本トムソン株式会社
E01678,64810,ＴＨＫ株式会社
E01710,64820,株式会社ユーシン精機
E01710,64820,ＹＵＳＨＩＮ株式会社
E01434,64840,株式会社ＫＶＫ
E01693,64850,前澤給装工業株式会社
E01414,64860,イーグル工業株式会社
E01683,64880,株式会社ヨシタケ
E01672,64890,前澤工業株式会社
E01645,64900,日本ピラー工業株式会社
E01645,64900,株式会社ＰＩＬＬＡＲ
E01609,64920,岡野バルブ製造株式会社
E02189,64930,日鍛バルブ株式会社
E02189,64930,株式会社ＮＩＴＴＡＮ
E01648,64940,株式会社ＮＦＫホールディングス
E01624,64950,株式会社宮入バルブ製作所
E01649,64960,株式会社中北製作所
E01652,64970,株式会社ハマイ
E01660,64980,株式会社キッツ
E01737,65010,株式会社日立製作所
E01738,65020,株式会社　東芝
E01739,65030,三菱電機株式会社
E01740,65040,富士電機株式会社
E01742,65050,東洋電機製造株式会社
E01741,65060,株式会社安川電機
E01743,65070,シンフォニアテクノロジー株式会社
E01744,65080,株式会社明電舎
E01751,65130,株式会社オリジン
E01806,65160,山洋電気株式会社
E01758,65170,デンヨー株式会社
E02012,65180,三相電機株式会社
E36433,65210,株式会社オキサイド
E36860,65220,株式会社アスタリスク
E36976,65230,ＰＨＣホールディングス株式会社
E37156,65240,湖北工業株式会社
E37488,65250,株式会社ＫＯＫＵＳＡＩ　ＥＬＥＣＴＲＩＣ
E37978,65260,株式会社ソシオネクスト
E32456,65310,リファインバース株式会社
E32549,65320,株式会社ベイカレント・コンサルティング
E32549,65320,株式会社ベイカレント
E32601,65330,株式会社Ｏｒｃｈｅｓｔｒａ　Ｈｏｌｄｉｎｇｓ
E32687,65350,株式会社アイモバイル
E32753,65370,ＷＡＳＨハウス株式会社
E32795,65380,株式会社キャリアインデックス
E32795,65380,株式会社ディスラプターズ
E32801,65390,株式会社ＭＳ－Ｊａｐａｎ
E32796,65400,株式会社船場
E32811,65410,グレイステクノロジー株式会社
E32683,65420,株式会社ＦＣホールディングス
E32951,65430,株式会社日宣
E33034,65440,ジャパンエレベーターサービスホールディングス株式会社
E33005,65450,株式会社インターネットインフィニティー
E33009,65460,フルテック株式会社
E32988,65470,株式会社グリーンズ
E33110,65480,株式会社旅工房
E33247,65490,ディーエムソリューションズ株式会社
E33238,65500,Ｕｎｉｐｏｓ株式会社
E33238,65500,Ｆｒｉｎｇｅ８１株式会社
E33272,65510,株式会社ツナググループ・ホールディングス
E33254,65520,株式会社ＧａｍｅＷｉｔｈ
E33295,65530,ソウルドアウト株式会社
E33357,65540,株式会社エスユーエス
E20870,65550,株式会社ＭＳ＆Ｃｏｎｓｕｌｔｉｎｇ
E33412,65560,ウェルビー株式会社
E33557,65570,ＡＩＡＩグループ株式会社
E33557,65570,株式会社ｇｌｏｂａｌ　ｂｒｉｄｇｅ　ＨＯＬＤＩＮＧＳ
E33515,65580,クックビズ株式会社
E33588,65600,株式会社エル・ティー・エス
E33602,65610,株式会社ＨＡＮＡＴＯＵＲ　ＪＡＰＡＮ
E33615,65620,株式会社ジーニー
E33601,65630,株式会社みらいワークス
E33577,65640,株式会社ミダック
E33577,65640,株式会社ミダックホールディングス
E33638,65650,ＡＢホテル株式会社
E33633,65660,株式会社要興業
E33776,65670,株式会社ＳＥＲＩＯホールディングス
E33794,65680,神戸天然物化学株式会社
E33815,65690,日総工産株式会社
E33822,65700,株式会社共和コーポレーション
E33838,65710,キュービーネットホールディングス株式会社
E33881,65720,オープングループ株式会社
E33881,65720,ＲＰＡホールディングス株式会社
E33868,65730,アジャイルメディア・ネットワーク株式会社
E33868,65730,ＣＲＡＶＩＡ株式会社
E33864,65740,株式会社コンヴァノ
E33903,65750,ヒューマン・アソシエイツ・ホールディングス株式会社
E33948,65770,株式会社ベストワンドットコム
E33928,65780,株式会社コレック
E33928,65780,株式会社エヌリンクス
E33928,65780,株式会社コレックホールディングス
E34082,65790,ログリー株式会社
E34018,65800,株式会社ライトアップ
E01753,65840,三櫻工業株式会社
E01920,65860,株式会社マキタ
E01884,65880,東芝テック株式会社
E01757,65900,芝浦メカトロニクス株式会社
E01944,65920,マブチモーター株式会社
E01975,65940,日本電産株式会社
E01975,65940,ニデック株式会社
E35114,65970,ＨＰＣシステムズ株式会社
E35555,65990,エブレン株式会社
E36091,66120,バルミューダ株式会社
E35542,66130,株式会社ＱＤレーザ
E36368,66140,株式会社シキノハイテック
E32169,66150,ユー・エム・シー・エレクトロニクス株式会社
E30479,66160,トレックス・セミコンダクター株式会社
E26713,66170,株式会社東光高岳
E26216,66180,株式会社大泉製作所
E26082,66190,ダブル・スコープ株式会社
E25665,66200,宮越ホールディングス株式会社
E01750,66220,株式会社ダイヘン
E01748,66230,愛知電機株式会社
E25686,66250,ＪＡＬＣＯホールディングス株式会社
E25386,66260,ＳＥＭＩＴＥＣ株式会社
E24994,66270,株式会社テラプローブ
E24562,66280,オンキヨーホームエンターテイメント株式会社
E23871,66290,テクノホライゾン株式会社
E23829,66300,ヤーマン株式会社
E21320,66320,株式会社ＪＶＣケンウッド
E02120,66330,株式会社ＣＧＳホールディングス
E02120,66330,株式会社Ｃ＆Ｇシステムズ
E05702,66340,株式会社ＪＮグループ
E05702,66340,株式会社ネクスグループ
E02116,66350,株式会社大日光・エンジニアリング
E01764,66370,寺崎電気産業株式会社
E02114,66380,株式会社ミマキエンジニアリング
E02117,66390,株式会社コンテック
E01876,66400,Ｉ‐ＰＥＸ株式会社
E01746,66410,日新電機株式会社
E01747,66430,株式会社戸上電機製作所
E01752,66440,大崎電気工業株式会社
E01755,66450,オムロン株式会社
E01912,66470,森尾電機株式会社
E01754,66480,株式会社かわでん
E01759,66510,日東工業株式会社
E01951,66520,ＩＤＥＣ株式会社
E01760,66530,株式会社正興電機製作所
E02007,66540,不二電機工業株式会社
E02028,66550,東洋電機株式会社
E02356,66560,インスペック株式会社
E02109,66580,シライ電子工業株式会社
E01875,66590,株式会社メディアリンクス
E02100,66620,株式会社ユビテック
E02097,66630,太洋工業株式会社
E02097,66630,太洋テクノレックス株式会社
E02095,66640,株式会社オプトエレクトロニクス
E02093,66660,リバーエレテック株式会社
E02092,66680,株式会社アドテックプラズマテクノロジー
E02090,66700,株式会社ＭＣＪ
E02089,66740,株式会社　ジーエス・ユアサ　コーポレーション
E01874,66750,サクサホールディングス株式会社
E01874,66750,サクサ株式会社
E02086,66760,株式会社バッファロー
E02086,66760,株式会社メルコホールディングス
E02346,66770,株式会社エスケーエレクトロニクス
E02345,66780,株式会社テクノメディカ
E33025,66940,株式会社ズーム
E33345,66950,株式会社キャストリコ
E33323,66960,株式会社トラース・オン・プロダクト
E33323,66960,株式会社ピースリー
E33426,66970,テックポイント・インク（Ｔｅｃｈｐｏｉｎｔ，Ｉｎｃ．）
E33583,66980,ヴィスコ・テクノロジーズ株式会社
E34065,66990,ダイヤモンドエレクトリックホールディングス株式会社
E01765,67010,日本電気株式会社
E01766,67020,富士通株式会社
E01767,67030,沖電気工業株式会社
E01768,67040,岩崎通信機株式会社
E01897,67060,電気興業株式会社
E01790,67070,サンケン電気株式会社
E01792,67090,明星電気株式会社
E01827,67150,株式会社ナカヨ
E01849,67180,アイホン株式会社
E02083,67210,ウインテスト株式会社
E02081,67230,ルネサスエレクトロニクス株式会社
E01873,67240,セイコーエプソン株式会社
E02059,67270,株式会社ワコム
E01589,67280,株式会社　アルバック
E02077,67300,株式会社アクセル
E02075,67310,株式会社ピクセラ
E02072,67340,株式会社ニューテック
E02070,67360,サン電子株式会社
E02069,67370,ＥＩＺＯ株式会社
E30481,67400,株式会社ジャパンディスプレイ
E01769,67410,日本信号株式会社
E01770,67420,株式会社京三製作所
E01816,67430,大同信号株式会社
E01803,67440,能美防災株式会社
E01802,67450,ホーチキ株式会社
E01984,67480,星和電機株式会社
E02066,67500,エレコム株式会社
E01772,67520,パナソニックホールディングス株式会社
E01772,67520,パナソニック株式会社
E01773,67530,シャープ株式会社
E01774,67540,アンリツ株式会社
E01775,67550,株式会社富士通ゼネラル
E02065,67570,株式会社ＯＳＧコーポレーション
E01777,67580,ソニーグループ株式会社
E01777,67580,ソニー株式会社
E01780,67620,ＴＤＫ株式会社
E01782,67630,帝国通信工業株式会社
E01786,67680,株式会社タムラ製作所
E02062,67690,ザインエレクトロニクス株式会社
E01793,67700,アルプスアルパイン株式会社
E01819,67710,池上通信機株式会社
E01811,67720,東京コスモス電機株式会社
E01795,67750,株式会社ＴＢグループ
E01813,67760,天昇電気工業株式会社
E01870,67770,ｓａｎｔｅｃ　Ｈｏｌｄｉｎｇｓ株式会社
E01870,67770,サンテック株式会社
E02342,67780,株式会社アルチザネットワークス
E01807,67790,日本電波工業株式会社
E02058,67850,株式会社鈴木
E02057,67860,株式会社ＲＶＨ
E02056,67870,株式会社メイコー
E02333,67880,株式会社日本トリム
E02054,67890,ローランド　ディー．ジー．株式会社
E01797,67940,フォスター電機株式会社
E02055,67970,名古屋電機工業株式会社
E01805,67980,ＳＭＫ株式会社
E01808,68000,株式会社ヨコオ
E01932,68030,ティアック株式会社
E01815,68040,ホシデン株式会社
E01939,68060,ヒロセ電機株式会社
E01828,68070,日本航空電子工業株式会社
E01831,68090,ＴＯＡ株式会社
E01947,68100,マクセルホールディングス株式会社
E01947,68100,マクセル株式会社
E01839,68140,古野電気株式会社
E01830,68150,ユニデンホールディングス株式会社
E01971,68170,スミダコーポレーション株式会社
E01987,68190,伊豆シャボテンリゾート株式会社
E01850,68200,アイコム株式会社
E01859,68220,大井電気株式会社
E01842,68230,リオン株式会社
E02027,68240,新コスモス電機株式会社
E01865,68260,本多通信工業株式会社
E02051,68320,アオイ電子株式会社
E01717,68340,株式会社　精工技研
E01867,68350,アライドテレシスホールディングス株式会社
E03346,68360,ぷらっとホーム株式会社
E02048,68370,株式会社京写
E01864,68380,株式会社多摩川ホールディングス
E01863,68390,船井電機株式会社
E02045,68400,株式会社ＡＫＩＢＡホールディングス
E01878,68410,横河電機株式会社
E01887,68440,新電元工業株式会社
E01879,68450,アズビル株式会社
E01940,68460,株式会社中央製作所
E01798,68480,東亜ディーケーケー株式会社
E01903,68490,日本光電工業株式会社
E02286,68500,株式会社チノー
E01942,68520,株式会社テクノ・セブン
E01921,68530,株式会社共和電業
E02043,68550,日本電子材料株式会社
E01901,68560,株式会社堀場製作所
E01950,68570,株式会社アドバンテスト
E02306,68580,株式会社小野測器
E02307,68590,エスペック株式会社
E01967,68610,株式会社キーエンス
E01977,68620,ミナトホールディングス株式会社
E02411,68630,株式会社ニレコ
E01847,68640,株式会社エヌエフホールディングス
E01999,68660,日置電機株式会社
E02005,68670,リーダー電子株式会社
E02015,68690,シスメックス株式会社
E02020,68700,日本フェンオール株式会社
E02030,68710,株式会社日本マイクロニクス
E02039,68740,協立電機株式会社
E02042,68750,株式会社メガチップス
E02040,68770,ＯＢＡＲＡ　ＧＲＯＵＰ株式会社
E01862,68790,株式会社ＩＭＡＧＩＣＡ　ＧＲＯＵＰ
E02035,68810,株式会社キョウデン
E01821,68820,株式会社三社電機製作所
E02324,68880,アクモス株式会社
E02024,68900,株式会社フェローテック
E02024,68900,株式会社フェローテックホールディングス
E02021,68940,パルステック工業株式会社
E02017,68970,ツインバード工業株式会社
E02017,68970,株式会社ツインバード
E02016,68980,トミタ電機株式会社
E02013,68990,ＡＳＴＩ株式会社
E01885,69010,澤藤電機株式会社
E01892,69020,株式会社デンソー
E01857,69040,原田工業株式会社
E01856,69050,コーセル株式会社
E02431,69070,ジオマテック株式会社
E02009,69080,イリソ電子工業株式会社
E02004,69120,菊水電子工業株式会社
E02004,69120,菊水ホールディングス株式会社
E01998,69140,オプテックスグループ株式会社
E01995,69150,千代田インテグレ株式会社
E01994,69160,株式会社アイ・オー・データ機器
E01993,69180,株式会社アバールデータ
E01992,69190,ケル株式会社
E01991,69200,レーザーテック株式会社
E01880,69230,スタンレー電気株式会社
E01886,69240,岩崎電気株式会社
E01929,69250,ウシオ電機株式会社
E01928,69260,岡谷電機産業株式会社
E02076,69270,ヘリオス　テクノ　ホールディング株式会社
E01989,69280,株式会社エノモト
E01988,69290,日本セラミック株式会社
E01848,69300,日本アンテナ株式会社
E01986,69320,株式会社遠藤照明
E01917,69370,古河電池株式会社
E01983,69380,双信電機株式会社
E01979,69410,山一電機株式会社
E01978,69420,株式会社ソフィアホールディングス
E01974,69430,ＮＫＫスイッチズ株式会社
E01972,69440,株式会社アイレックス
E01968,69460,日本アビオニクス株式会社
E01966,69470,株式会社図研
E01905,69510,日本電子株式会社
E01935,69520,カシオ計算機株式会社
E01946,69540,ファナック株式会社
E01896,69550,ＦＤＫ株式会社
E01960,69570,株式会社芝浦電子
E01959,69580,日本シイエムケイ株式会社
E02304,69600,フクダ電子株式会社
E02390,69610,株式会社エンプラス
E01952,69620,株式会社大真空
E01953,69630,ローム株式会社
E01954,69640,株式会社サンコー
E01955,69650,浜松ホトニクス株式会社
E02293,69660,株式会社三井ハイテック
E01957,69670,新光電気工業株式会社
E01933,69690,松尾電機株式会社
E01182,69710,京セラ株式会社
E01619,69730,協栄産業株式会社
E01824,69760,太陽誘電株式会社
E01906,69770,株式会社日本抵抗器製作所
E01914,69810,株式会社村田製作所
E01916,69820,株式会社リード
E01841,69860,双葉電子工業株式会社
E01888,69880,日東電工株式会社
E01817,69890,北陸電気工業株式会社
E01891,69930,大黒屋ホールディングス株式会社
E01899,69940,株式会社指月電機製作所
E01898,69950,株式会社東海理化電機製作所
E01904,69960,ニチコン株式会社
E01926,69970,日本ケミコン株式会社
E01907,69980,日本タングステン株式会社
E01902,69990,ＫＯＡ株式会社
E02123,70030,株式会社三井Ｅ＆Ｓ
E02123,70030,株式会社三井Ｅ＆Ｓホールディングス
E02124,70040,カナデビア株式会社
E02124,70040,日立造船株式会社
E02127,70120,川崎重工業株式会社
E02128,70130,株式会社ＩＨＩ
E02129,70140,株式会社名村造船所
E02131,70180,内海造船株式会社
E00035,70210,株式会社ニッチツ
E25662,70220,サノヤスホールディングス株式会社
E34053,70300,株式会社スプリックス
E34070,70310,株式会社インバウンドテック
E34142,70330,株式会社マネジメントソリューションズ
E34148,70340,株式会社プロレド・パートナーズ
E34238,70350,ａｎｄ　ｆａｃｔｏｒｙ株式会社
E34294,70360,株式会社イーエムネットジャパン
E34276,70370,株式会社テノ．ホールディングス
E34290,70380,フロンティア・マネジメント株式会社
E34331,70390,ブリッジインターナショナル株式会社
E34097,70400,株式会社サン・ライフホールディング
E34352,70410,ＣＲＧホールディングス株式会社
E34379,70420,株式会社アクセスグループ・ホールディングス
E34498,70430,アルー株式会社
E34484,70440,株式会社ピアラ
E34479,70450,株式会社ツクイスタッフ
E34487,70460,テクノスデータサイエンス・エンジニアリング株式会社
E34487,70460,ＴＤＳＥ株式会社
E34537,70470,ポート株式会社
E34508,70480,ベルトラ株式会社
E34634,70490,株式会社識学
E34657,70500,株式会社フロンティアインターナショナル
E34716,70570,株式会社エヌ・シー・エヌ
E34722,70580,共栄セキュリティーサービス株式会社
E34699,70590,株式会社コプロ・ホールディングス
E34720,70600,ギークス株式会社
E34735,70610,日本ホスピスホールディングス株式会社
E34725,70620,株式会社フレアス
E34748,70630,株式会社エードット
E34748,70630,株式会社Ｂｉｒｄｍａｎ
E34866,70640,株式会社ハウテレビジョン
E31743,70650,ユーピーアール株式会社
E34954,70660,株式会社ピアズ
E34975,70670,ブランディングテクノロジー株式会社
E34995,70680,株式会社フィードフォース
E34995,70680,フィードフォースグループ株式会社
E35089,70690,株式会社サイバー・バズ
E35014,70700,ＳＩホールディングス株式会社
E35140,70710,株式会社アンビスホールディングス
E35157,70720,株式会社インティメート・マージャー
E35187,70730,株式会社ジェイック
E35238,70740,株式会社トゥエンティーフォーセブン
E35238,70740,株式会社トゥエンティーフォーセブンホールディングス
E35344,70750,株式会社ＱＬＳホールディングス
E35258,70760,名南Ｍ＆Ａ株式会社
E35288,70770,株式会社ＡＬｉＮＫインターネット
E35341,70780,ＩＮＣＬＵＳＩＶＥ株式会社
E35341,70780,ＩＮＣＬＵＳＩＶＥ　Ｈｏｌｄｉｎｇｓ株式会社
E35335,70790,ＷＤＢココ株式会社
E35323,70800,株式会社スポーツフィールド
E35139,70810,コーユーレンティア株式会社
E35289,70820,株式会社ジモティー
E35250,70830,ＡＨＣグループ株式会社
E35489,70840,株式会社Ｋｉｄｓ　Ｓｍｉｌｅ　Ｈｏｌｄｉｎｇｓ
E35489,70840,株式会社Ｓｍｉｌｅ　Ｈｏｌｄｉｎｇｓ
E35488,70850,株式会社カーブスホールディングス
E35495,70860,株式会社きずなホールディングス
E35470,70870,株式会社ウイルテック
E35487,70880,株式会社フォーラムエンジニアリング
E35483,70890,フォースタートアップス株式会社
E33790,70900,株式会社リグア
E35508,70910,株式会社リビングプラットフォーム
E35318,70920,株式会社Ｆａｓｔ　Ｆｉｔｎｅｓｓ　Ｊａｐａｎ
E35514,70930,アディッシュ株式会社
E35562,70940,株式会社ＮｅｘＴｏｎｅ
E35534,70950,株式会社Ｍａｃｂｅｅ　Ｐｌａｎｅｔ
E35563,70960,株式会社ステムセル研究所
E35611,70970,株式会社さくらさくプラス
E02134,71020,日本車輌製造株式会社
E02136,71050,三菱ロジスネクスト株式会社
E37848,71100,株式会社クラシコム
E37831,71110,ＩＮＥＳＴ株式会社
E37960,71120,株式会社キューブ
E38167,71140,株式会社フーディソン
E38118,71150,株式会社アルファパーチェス
E38202,71160,ダイワ通信株式会社
E38382,71180,株式会社伸和ホールディングス
E38427,71190,株式会社ハルメクホールディングス
E38443,71200,株式会社ＳＨＩＮＫＯ
E02138,71220,近畿車輛株式会社
E36658,71260,グローバルスタイル株式会社
E36658,71260,タンゴヤ株式会社
E36757,71270,株式会社一家ホールディングス
E36707,71280,フルサト・マルカホールディングス株式会社
E36707,71280,ユニソルホールディングス株式会社
E36714,71290,ミアヘルサホールディングス株式会社
E36756,71300,ヤマエグループホールディングス株式会社
E37082,71310,のむら産業株式会社
E37198,71330,ＨＹＵＧＡ　ＰＲＩＭＡＲＹ　ＣＡＲＥ株式会社
E37143,71340,株式会社クルーバー
E37143,71340,株式会社アップガレージグループ
E36969,71350,ジャパンクラフトホールディングス株式会社
E36969,71350,藤久ホールディングス株式会社
E37457,71380,株式会社ＴＯＲＩＣＯ
E37589,71400,ペットゴー株式会社
E24651,71480,株式会社ＦＰＧ
E03679,71500,株式会社島根銀行
E26327,71570,ライフネット生命保険株式会社
E26686,71610,株式会社じもとホールディングス
E26813,71620,アストマックス株式会社
E26990,71630,住信ＳＢＩネット銀行株式会社
E09753,71640,全国保証株式会社
E30103,71670,株式会社めぶきフィナンシャルグループ
E27579,71690,株式会社ＮＦＣホールディングス
E30841,71720,株式会社ジャパンインベストメントアドバイザー
E30746,71730,株式会社東京きらぼしフィナンシャルグループ
E30982,71750,今村証券株式会社
E26815,71770,ＧＭＯフィナンシャルホールディングス株式会社
E31612,71800,株式会社九州フィナンシャルグループ
E31755,71810,株式会社かんぽ生命保険
E31775,71820,株式会社ゆうちょ銀行
E31905,71830,あんしん保証株式会社
E03646,71840,株式会社　富山第一銀行
E32109,71850,ヒロセ通商株式会社
E32022,71860,株式会社コンコルディア・フィナンシャルグループ
E32022,71860,株式会社横浜フィナンシャルグループ
E32412,71870,ジェイリース株式会社
E32447,71890,株式会社西日本フィナンシャルホールディングス
E10936,71900,株式会社マーキュリアインベストメント
E32763,71910,株式会社イントラスト
E32803,71920,日本モーゲージサービス株式会社
E33485,71960,株式会社Ｃａｓａ
E33625,71980,アルヒ株式会社
E33625,71980,ＳＢＩアルヒ株式会社
E33624,71990,プレミアグループ株式会社
E02142,72010,日産自動車株式会社
E02143,72020,いすゞ自動車株式会社
E02144,72030,トヨタ自動車株式会社
E02146,72050,日野自動車株式会社
E02248,72080,株式会社カネミツ
E02229,72120,株式会社エフテック
E02105,72130,レシップホールディングス株式会社
E02247,72140,ＧＭＢ株式会社
E02246,72150,株式会社ファルテック
E02242,72170,株式会社テイン
E02241,72180,田中精密工業株式会社
E02238,72190,株式会社エッチ・ケー・エス
E02237,72200,武蔵精密工業株式会社
E02150,72220,日産車体株式会社
E02252,72240,新明和工業株式会社
E02170,72260,極東開発工業株式会社
E02233,72270,アスカ株式会社
E02877,72280,株式会社デイトナ
E02236,72290,株式会社ユタカ技研
E01230,72310,トピー工業株式会社
E02158,72350,東京ラヂエーター製造株式会社
E02155,72360,株式会社ティラド
E02161,72380,曙ブレーキ工業株式会社
E02210,72390,株式会社タチエス
E02176,72400,ＮＯＫ株式会社
E02195,72410,フタバ産業株式会社
E02147,72420,カヤバ株式会社
E02147,72420,ＫＹＢ株式会社
E02177,72440,市光工業株式会社
E02175,72450,大同メタル工業株式会社
E02154,72460,プレス工業株式会社
E02172,72470,株式会社ミクニ
E01290,72490,尾張精機株式会社
E02178,72500,太平洋工業株式会社
E02183,72540,株式会社ユニバンス
E01644,72550,株式会社　桜井製作所
E02174,72560,河西工業株式会社
E01593,72590,株式会社アイシン
E01593,72590,アイシン精機株式会社
E02163,72610,マツダ株式会社
E02234,72640,株式会社ムロコーポレーション
E02232,72650,エイケン工業株式会社
E02231,72660,株式会社今仙電機製作所
E02166,72670,本田技研工業株式会社
E02230,72680,株式会社タツミ
E02167,72690,スズキ株式会社
E02152,72700,株式会社ＳＵＢＡＲＵ
E02227,72710,株式会社安永
E02168,72720,ヤマハ発動機株式会社
E02226,72730,株式会社イクヨ
E02140,72760,株式会社小糸製作所
E02201,72770,株式会社ＴＢＫ
E02203,72780,株式会社エクセディ
E02204,72790,株式会社ハイレックスコーポレーション
E02205,72800,株式会社ミツバ
E01108,72820,豊田合成株式会社
E02162,72830,愛三工業株式会社
E02387,72840,盟和産業株式会社
E02214,72870,日本精機株式会社
E02216,72910,日本プラスト株式会社
E02217,72920,株式会社村上開明堂
E02219,72940,株式会社ヨロズ
E02221,72960,株式会社エフ・シー・シー
E02223,72970,株式会社カーメイト
E02224,72980,八千代工業株式会社
E02225,72990,フジオーゼックス株式会社
E02258,73050,新家工業株式会社
E02257,73090,株式会社シマノ
E02380,73130,テイ・エス　テック株式会社
E22554,73140,株式会社小田原機器
E27671,73150,株式会社ＩＪＴＴ
E35560,73170,株式会社松屋アールアンドディ
E36657,73180,セレンディップ・ホールディングス株式会社
E33854,73200,日本リビング保証株式会社
E33854,73200,Ｓｏｌｖｖｙ株式会社
E33701,73210,株式会社関西みらいフィナンシャルグループ
E33693,73220,株式会社三十三フィナンシャルグループ
E34281,73250,株式会社アイリックコーポレーション
E33840,73260,ＳＢＩインシュアランスグループ株式会社
E34113,73270,株式会社第四北越フィナンシャルグループ
E21671,73300,レオス・キャピタルワークス株式会社
E35810,73370,株式会社ひろぎんホールディングス
E35822,73380,インヴァスト株式会社
E35826,73390,アイペットホールディングス株式会社
E36141,73420,ウェルスナビ株式会社
E36406,73430,ブロードマインド株式会社
E34851,73450,株式会社アイ・パートナーズフィナンシャル
E36498,73470,株式会社マーキュリアホールディングス
E36730,73500,株式会社おきなわフィナンシャルグループ
E35773,73510,株式会社グッドパッチ
E35767,73520,株式会社ＴＷＯＳＴＯＮＥ＆Ｓｏｎｓ
E35767,73520,株式会社Ｂｒａｎｄｉｎｇ　Ｅｎｇｉｎｅｅｒ
E35790,73530,ＫＩＹＯラーニング株式会社
E35931,73540,株式会社ダイレクトマーケティングミックス
E35993,73560,Ｒｅｔｔｙ株式会社
E36078,73570,株式会社ジオコード
E35908,73580,株式会社ポピンズホールディングス
E35908,73580,株式会社ポピンズ
E36173,73590,株式会社東京通信グループ
E36173,73590,株式会社東京通信
E36132,73600,株式会社オンデック
E36420,73610,株式会社ヒューマンクリエイションホールディングス
E36353,73620,株式会社Ｔ．Ｓ．Ｉ
E36431,73630,株式会社ベビーカレンダー
E36268,73650,株式会社シック・ホールディングス
E36134,73660,株式会社ＬＩＴＡＬＩＣＯ
E35610,73670,株式会社セルム
E36464,73680,表示灯株式会社
E36621,73690,株式会社メイホーホールディングス
E36638,73700,株式会社Ｅｎｊｉｎ
E24465,73710,Ｚｅｎｋｅｎ株式会社
E24465,73710,全研本社株式会社
E36629,73720,株式会社デコルテ・ホールディングス
E36648,73730,株式会社アイドマ・ホールディングス
E36367,73740,株式会社コンフィデンス
E36367,73740,株式会社コンフィデンス・インターワークス
E36478,73750,株式会社リファインバースグループ
E36655,73760,ＢＣＣ株式会社
E36539,73770,ＤＮホールディングス株式会社
E34994,73780,株式会社アシロ
E36731,73790,株式会社サーキュレーション
E36703,73800,株式会社十六フィナンシャルグループ
E36700,73810,株式会社北國フィナンシャルホールディングス
E36700,73810,株式会社ＣＣＩグループ
E37194,73830,株式会社ネットプロテクションズホールディングス
E37412,73840,株式会社プロクレアホールディングス
E37773,73860,ジャパンワランティサポート株式会社
E37913,73880,株式会社ＦＰパートナー
E37781,73890,株式会社あいちフィナンシャルグループ
E02447,73990,株式会社ナンシン
E02254,74080,株式会社ジャムコ
E38695,74090,ＡｅｒｏＥｄｇｅ株式会社
E03231,74120,株式会社アトム
E02791,74130,株式会社創健社
E01324,74140,小野建株式会社
E03233,74160,株式会社はるやまホールディングス
E02792,74170,株式会社南陽
E03235,74190,株式会社ノジマ
E02793,74200,佐鳥電機株式会社
E03236,74210,カッパ・クリエイト株式会社
E02794,74220,東邦レマック株式会社
E02797,74250,初穂商事株式会社
E02798,74260,株式会社　山大
E02801,74270,エコートレーディング株式会社
E02802,74330,伯東株式会社
E02803,74340,株式会社オータケ
E02011,74350,株式会社ナ・デックス
E02804,74380,コンドーテック株式会社
E02813,74410,株式会社Ｍｉｓｕｍｉ
E02805,74420,中山福株式会社
E02806,74430,横浜魚類株式会社
E02807,74440,ハリマ共和物産株式会社
E03240,74450,株式会社ライトオン
E02810,74460,東北化学薬品株式会社
E02809,74470,ナガイレーベン株式会社
E03244,74480,株式会社ジーンズメイト
E03245,74500,株式会社サンデー
E03248,74530,株式会社　良品計画
E03249,74550,株式会社パリミキホールディングス
E03249,74550,株式会社三城ホールディングス
E02821,74560,松田産業株式会社
E02824,74580,株式会社第一興商
E02632,74590,株式会社メディパルホールディングス
E02825,74600,株式会社ヤギ
E02823,74610,株式会社キムラ
E03252,74620,株式会社ＣＡＰＩＴＡ
E03252,74620,ダイヤ通商株式会社
E02826,74630,株式会社アドヴァン
E03251,74640,セフテック株式会社
E02827,74660,ＳＰＫ株式会社
E02828,74670,萩原電気ホールディングス株式会社
E02833,74720,株式会社鳥羽洋行
E02832,74750,アルビス株式会社
E02835,74760,アズワン株式会社
E02836,74770,ムラキ株式会社
E02838,74800,スズデン株式会社
E02837,74810,尾家産業株式会社
E02839,74820,株式会社シモジマ
E02840,74830,株式会社ドウシシャ
E02553,74850,岡谷鋼機株式会社
E02841,74860,サンリン株式会社
E02842,74870,小津産業株式会社
E02843,74880,株式会社ヤガミ
E02845,74900,日新商事株式会社
E03259,74940,株式会社コナカ
E02847,75000,西川計測株式会社
E02848,75010,株式会社ティムコ
E04960,75020,株式会社プラザホールディングス
E04960,75020,株式会社プラザクリエイト本社
E02850,75040,株式会社高速
E03264,75050,扶桑電通株式会社
E03266,75060,株式会社　ハウス　オブ　ローゼ
E03267,75080,株式会社Ｇ‐７ホールディングス
E03269,75090,アイエーグループ株式会社
E02851,75100,株式会社たけびし
E03268,75120,イオン北海道株式会社
E03270,75130,株式会社コジマ
E03271,75140,株式会社　ヒマラヤ
E03272,75150,株式会社マルヨシセンター
E03273,75160,コーナン商事株式会社
E04966,75180,ネットワンシステムズ株式会社
E02854,75190,五洋インテックス株式会社
E03274,75200,株式会社エコス
E02855,75210,株式会社ムサシ
E03275,75220,ワタミ株式会社
E03276,75230,アールビバン株式会社
E03278,75240,マルシェ株式会社
E02856,75250,リックス株式会社
E02858,75270,株式会社システムソフト
E02861,75310,清和中央ホールディングス株式会社
E03280,75320,株式会社パン・パシフィック・インターナショナルホールディングス
E03279,75330,株式会社グリーンクロス
E02864,75370,丸文株式会社
E02818,75380,株式会社大水
E02865,75390,株式会社アイナボホールディングス
E03286,75440,株式会社スリーエフ
E03287,75450,株式会社西松屋チェーン
E03291,75500,株式会社ゼンショーホールディングス
E02870,75510,株式会社ウェッズ
E02869,75520,株式会社ハピネット
E03293,75540,株式会社幸楽苑ホールディングス
E03293,75540,株式会社幸楽苑
E02871,75550,株式会社大田花き
E02874,75590,ジーエフシー株式会社
E03294,75610,株式会社ハークスレイ
E03295,75620,株式会社安楽亭
E03296,75640,株式会社ワークマン
E02875,75650,萬世電機株式会社
E02878,75670,株式会社栄電子
E02879,75700,橋本総業ホールディングス株式会社
E03299,75710,株式会社ヤマノホールディングス
E02881,75750,日本ライフライン株式会社
E03301,75770,株式会社ＨＡＰｉＮＳ
E03304,75780,株式会社ニチリョク
E03305,75810,株式会社サイゼリヤ
E03306,75850,株式会社かんなん丸
E02887,75870,株式会社パルテック（定款上の商号　株式会社ＰＡＬＴＥＫ）
E02888,75900,株式会社タカショー
E02889,75930,ＶＴホールディングス株式会社
E02891,75940,株式会社マルカ
E05018,75950,株式会社アルゴグラフィックス
E03310,75960,株式会社魚力
E02893,75970,東京貴宝株式会社
E02892,75990,株式会社ＩＤＯＭ
E02894,76000,株式会社　日本エム・ディ・エム
E03312,76010,株式会社ポプラ
E02895,76020,株式会社カーチスホールディングス
E02895,76020,株式会社レダックス
E03313,76030,ジーイエット株式会社
E03313,76030,株式会社マックハウス
E03314,76040,株式会社　梅の花
E03314,76040,株式会社　梅の花グループ
E03315,76050,株式会社　フジ・コーポレーション
E03316,76060,株式会社ユナイテッドアローズ
E02896,76070,株式会社進和
E02897,76080,株式会社エスケイジャパン
E02898,76090,ダイトロン株式会社
E03319,76100,株式会社テイツー
E03318,76110,株式会社ハイデイ日高
E02900,76130,シークス株式会社
E03317,76140,株式会社オーエムツーネットワーク
E03320,76150,株式会社ＹＵ－ＷＡ　Ｃｒｅａｔｉｏｎ　Ｈｏｌｄｉｎｇｓ
E03320,76150,京都きもの友禅株式会社
E03320,76150,株式会社京都きもの友禅ホールディングス
E03321,76160,株式会社　コロワイド
E03323,76180,株式会社ピーシーデポコーポレーション
E02902,76190,田中商事株式会社
E03324,76210,株式会社うかい
E03326,76230,株式会社サンオータス
E02903,76240,株式会社ＮａＩＴＯ
E03327,76250,株式会社グローバルダイニング
E02905,76280,株式会社オーハシテクニカ
E03329,76300,株式会社壱番屋
E03330,76340,株式会社星医療酸器
E02910,76350,杉田エース株式会社
E03331,76360,株式会社ハンズマン
E03332,76370,白銅株式会社
E03333,76380,株式会社ＮＥＷ　ＡＲＴ　ＨＯＬＤＩＮＧＳ
E03336,76400,株式会社トップカルチャー
E03340,76430,株式会社ダイイチ
E03343,76460,株式会社ＰＬＡＮＴ
E02912,76470,株式会社音通
E03344,76490,スギホールディングス株式会社
E34470,76700,オーウエル株式会社
E34476,76710,株式会社ＡｍｉｄＡホールディングス
E34644,76730,ダイコー通産株式会社
E34747,76740,株式会社ＮＡＴＴＹ　ＳＷＡＮＫＹホールディングス
E34747,76740,株式会社ＮＡＴＴＹ　ＳＷＡＮＫＹ
E34565,76750,セントラルフォレストグループ株式会社
E34819,76760,株式会社グッドスピード
E34499,76770,株式会社ヤシマキザイ
E34704,76780,株式会社あさくま
E34943,76790,株式会社薬王堂ホールディングス
E34455,76810,株式会社レオクラン
E35125,76820,株式会社浜木綿
E35170,76830,株式会社ダブルエー
E35116,76850,株式会社ＢｕｙＳｅｌｌ　Ｔｅｃｈｎｏｌｏｇｉｅｓ
E35334,76860,株式会社ひとまいる
E35334,76860,株式会社カクヤスグループ
E35491,76870,株式会社ミクリード
E35297,76880,ミアヘルサ株式会社
E35554,76890,株式会社コパ・コーポレーション
E35932,76920,株式会社アースインフィニティ
E36123,76940,株式会社いつも
E35766,76950,株式会社交換できるくん
E36387,76970,ＲＥＸＴ株式会社
E36435,76980,株式会社アイスコ
E36713,76990,オムニ・プラス・システム・リミテッド
E02265,77010,株式会社　島津製作所
E02303,77020,株式会社ジェイ・エム・エス（称号　株式会社　ＪＭＳ）
E02320,77050,ジーエルサイエンス株式会社
E02338,77070,プレシジョン・システム・サイエンス株式会社
E02337,77090,クボテック株式会社
E01997,77110,助川電気工業株式会社
E02323,77130,シグマ光機株式会社
E02329,77150,長野計器株式会社
E02331,77160,株式会社ナカニシ
E02334,77170,株式会社ブイ・テクノロジー
E02302,77180,スター精密株式会社
E01587,77190,株式会社東京衡機
E02266,77210,東京計器株式会社
E02335,77220,国際計測器株式会社
E02267,77230,愛知時計電機株式会社
E02336,77250,株式会社インターアクション
E02269,77260,黒田精工株式会社
E02270,77270,株式会社オーバル
E02289,77290,株式会社東京精密
E02340,77300,マニー株式会社
E02271,77310,株式会社ニコン
E02299,77320,株式会社　トプコン
E02272,77330,オリンパス株式会社
E02285,77340,理研計器株式会社
E02288,77350,株式会社ＳＣＲＥＥＮホールディングス
E02301,77390,キヤノン電子株式会社
E02308,77400,株式会社タムロン
E01124,77410,ＨＯＹＡ株式会社
E02414,77430,株式会社シード
E02322,77440,ノーリツ鋼機株式会社
E02344,77450,株式会社エー・アンド・デイ
E02344,77450,株式会社Ａ＆Ｄホロンホールディングス
E01221,77460,岡本硝子株式会社
E02349,77470,朝日インテック株式会社
E02353,77480,株式会社ホロン
E02354,77490,メディキット株式会社
E02274,77510,キヤノン株式会社
E02275,77520,株式会社リコー
E02287,77580,株式会社セコニック
E02352,77600,ＩＭＶ株式会社
E02281,77620,シチズン時計株式会社
E02282,77680,ジェコー株式会社
E02294,77690,リズム株式会社
E02325,77710,日本精密株式会社
E02357,77740,株式会社ジャパン・ティッシュエンジニアリング
E02357,77740,株式会社ジャパン・ティッシュ・エンジニアリング
E22509,77750,大研医器株式会社
E24158,77760,株式会社セルシード
E25884,77770,株式会社スリー・ディー・マトリックス
E30118,77790,ＣＹＢＥＲＤＹＮＥ株式会社
E31560,77800,株式会社メニコン
E31602,77810,株式会社平山ホールディングス
E32784,77820,株式会社シンシア
E36031,77900,株式会社バルコス
E36627,77910,ドリームベッド株式会社
E36670,77920,株式会社コラントッテ
E37419,77930,株式会社イメージ・マジック
E37709,77940,株式会社イーディーピー
E37814,77950,株式会社ＫＹＯＲＩＴＳＵ
E34028,78000,株式会社アミファ
E35004,78030,株式会社ブシロード
E34800,78040,株式会社ビーアンドピー
E34363,78050,プリントネット株式会社
E34054,78060,株式会社ＭＴＧ
E33491,78070,株式会社幸和製作所
E33497,78080,株式会社シー・エス・ランバー
E33392,78090,株式会社壽屋
E33313,78100,株式会社クロスフォー
E31924,78110,中本パックス株式会社
E31622,78120,株式会社クレステック
E31344,78130,株式会社プラッツ
E30930,78140,株式会社日本創発グループ
E31123,78150,東京ボード工業株式会社
E31070,78160,株式会社スノーピーク
E25664,78170,パラマウントベッドホールディングス株式会社
E24753,78180,株式会社トランザクション
E23465,78190,粧美堂株式会社
E00640,78200,ニホンフラッシュ株式会社
E02492,78210,前田工繊株式会社
E00631,78220,永大産業株式会社
E03493,78230,株式会社アートネイチャー
E02485,78260,株式会社フルヤ金属
E00639,78270,株式会社オービス
E03463,78290,株式会社サマンサタバサジャパンリミテッド
E00748,78310,株式会社ウイルコホールディングス
E02481,78320,株式会社バンダイナムコホールディングス
E05512,78330,株式会社アイフィスジャパン
E02096,78360,アビックス株式会社
E02980,78370,株式会社アールシーコア
E00746,78380,共立印刷株式会社
E02470,78390,株式会社ＳＨＯＥＩ
E02472,78400,フランスベッドホールディングス株式会社
E01459,78410,株式会社遠藤製作所
E02467,78440,株式会社マーベラス
E02466,78460,株式会社パイロットコーポレーション
E02464,78470,株式会社グラファイトデザイン
E00736,78490,スターツ出版株式会社
E00735,78500,総合商研株式会社
E02459,78510,カワセコンピュータサプライ株式会社
E00732,78550,カーディナル株式会社
E01053,78560,萩原工業株式会社
E00730,78570,セキ株式会社
E02046,78590,株式会社アルメディオ
E02453,78600,エイベックス株式会社
E00726,78620,トッパン・フォームズ株式会社
E00734,78630,株式会社平賀
E00725,78640,株式会社フジシールインターナショナル
E02882,78650,ピープル株式会社
E02450,78670,株式会社タカラトミー
E00724,78680,株式会社広済堂ホールディングス
E00724,78680,株式会社廣済堂
E02449,78690,日本フォームサービス株式会社
E00722,78700,福島印刷株式会社
E00829,78710,フクビ化学工業株式会社
E03281,78720,エステールホールディングス株式会社
E02444,78740,レック株式会社
E00720,78750,竹田ｉＰホールディングス株式会社
E00720,78750,竹田印刷株式会社
E02441,78770,永大化工株式会社
E02439,78780,株式会社光・彩
E00636,78790,株式会社ノダ
E00719,78830,サンメッセ株式会社
E02435,78850,タカノ株式会社
E00867,78860,ヤマト　モビリティ　＆　Ｍｆｇ．株式会社
E00867,78860,ヤマト・インダストリー株式会社
E00635,78870,南海プライウッド株式会社
E00866,78880,三光合成株式会社
E00716,78930,株式会社プロネクサス
E00863,78940,丸東産業株式会社
E02429,78950,中央化学株式会社
E00633,78960,セブン工業株式会社
E00632,78970,ホクシン株式会社
E00630,78980,株式会社ウッドワン
E02430,78990,ＭＩＣＳ化学株式会社
E00715,79010,株式会社マツモト
E02428,79020,株式会社ソノコム
E00628,79030,名古屋木材株式会社
E00619,79050,大建工業株式会社
E02427,79060,ヨネックス株式会社
E02425,79080,株式会社きもと
E00692,79110,凸版印刷株式会社
E00692,79110,ＴＯＰＰＡＮホールディングス株式会社
E00693,79120,大日本印刷株式会社
E00695,79140,共同印刷株式会社
E00703,79150,ＮＩＳＳＨＡ株式会社
E00696,79160,光村印刷株式会社
E02423,79170,藤森工業株式会社
E02423,79170,ＺＡＣＲＯＳ株式会社
E00705,79180,株式会社ヴィア・ホールディングス
E00652,79190,野崎印刷紙業株式会社
E00710,79210,株式会社ＴＡＫＡＲＡ　＆　ＣＯＭＰＡＮＹ
E00712,79220,三光産業株式会社
E00713,79230,トーイン株式会社
E00861,79250,前澤化成工業株式会社
E01032,79270,ムトー精工株式会社
E01031,79280,旭化学工業株式会社
E02002,79310,未来工業株式会社
E01120,79320,株式会社ニッピ
E02378,79360,株式会社アシックス
E03180,79370,株式会社ツツミ
E01118,79380,株式会社リーガルコーポレーション
E01428,79390,株式会社研創
E33050,79400,ウェーブロックホールディングス株式会社
E00858,79420,株式会社ジェイエスピー
E02415,79430,ニチハ株式会社
E01834,79440,ローランド株式会社
E02413,79450,コマニー株式会社
E00711,79460,株式会社光陽社
E02412,79470,株式会社エフピコ
E02408,79490,小松ウオール工業株式会社
E02407,79500,日本デコラックス株式会社
E02362,79510,ヤマハ株式会社
E02363,79520,株式会社河合楽器製作所
E00912,79530,菊水化学工業株式会社
E02406,79550,クリナップ株式会社
E02404,79560,ピジョン株式会社
E02402,79570,フジコピアン株式会社
E00857,79580,天馬株式会社
E02401,79590,株式会社オリバー
E00621,79610,兼松サステック株式会社
E02398,79620,株式会社キングジム
E02396,79630,興研株式会社
E02395,79650,象印マホービン株式会社
E02394,79660,リンテック株式会社
E02388,79700,信越ポリマー株式会社
E00995,79710,東リ株式会社
E02371,79720,株式会社イトーキ
E02367,79740,任天堂株式会社
E00667,79750,株式会社リヒトラブ
E02366,79760,三菱鉛筆株式会社
E01183,79790,株式会社松風
E02383,79800,株式会社　重松製作所
E02373,79810,タカラスタンダード株式会社
E02376,79830,株式会社ミロク
E00670,79840,コクヨ株式会社
E02385,79850,ネポン株式会社
E01656,79860,日本アイ・エス・ケイ株式会社
E00679,79870,ナカバヤシ株式会社
E02386,79880,株式会社ニフコ
E02389,79890,立川ブラインド工業株式会社
E02382,79900,グローブライド株式会社
E02377,79910,マミヤ・オーピー株式会社
E02365,79920,セーラー万年筆株式会社
E02369,79940,株式会社オカムラ
E01164,79950,株式会社バルカー
E02372,79970,株式会社くろがね工作所
E02305,79990,ＭＵＴＯＨホールディングス株式会社
E02497,80010,伊藤忠商事株式会社
E02498,80020,丸紅株式会社
E03054,80050,株式会社スクロール
E00456,80060,ユアサ・フナショク株式会社
E02501,80070,高島株式会社
E02621,80080,株式会社ヨンドシーホールディングス
E00593,80110,株式会社三陽商会
E02552,80120,長瀬産業株式会社
E00571,80130,株式会社ナイガイ
E02509,80140,蝶理株式会社
E02505,80150,豊田通商株式会社
E02521,80160,株式会社オンワードホールディングス
E02534,80180,三共生興株式会社
E02506,80200,兼松株式会社
E03036,80220,美津濃株式会社
E02683,80230,大興電子通信株式会社
E02683,80230,ＤＡＩＫＯ　ＸＴＥＣＨ株式会社
E02588,80250,株式会社ツカモトコーポレーション
E00604,80290,株式会社ルックホールディングス
E02566,80300,中央魚類株式会社
E02513,80310,三井物産株式会社
E02510,80320,日本紙パルプ商事株式会社
E02652,80350,東京エレクトロン株式会社
E02682,80370,カメイ株式会社
E02541,80380,東都水産株式会社
E02571,80390,築地魚市場株式会社
E02679,80400,株式会社東京ソワール
E02530,80410,ＯＵＧホールディングス株式会社
E02574,80430,スターゼン株式会社
E02615,80450,横浜丸魚株式会社
E02616,80460,丸藤シートパイル株式会社
E02280,80500,セイコーホールディングス株式会社
E02280,80500,セイコーグループ株式会社
E02560,80510,株式会社山善
E02572,80520,椿本興業株式会社
E02528,80530,住友商事株式会社
E02611,80560,ＢＩＰＲＯＧＹ株式会社
E02611,80560,日本ユニシス株式会社
E02515,80570,株式会社内田洋行
E02578,80590,第一実業株式会社
E02644,80600,キヤノンマーケティングジャパン株式会社
E02512,80610,西華産業株式会社
E02535,80650,佐藤商事株式会社
E02602,80660,三谷商事株式会社
E02685,80680,菱洋エレクトロ株式会社
E02527,80700,東京産業株式会社
E02684,80710,東海エレクトロニクス株式会社
E02587,80720,日本出版貿易株式会社
E02525,80740,ユアサ商事株式会社
E02525,80740,株式会社ＹＵＡＳＡ
E02522,80750,神鋼商事株式会社
E02561,80760,株式会社カノークス
E02570,80770,トルク株式会社
E02554,80780,阪和興業株式会社
E02681,80790,正栄食品工業株式会社
E02580,80810,株式会社カナデン
E02518,80840,株式会社ＲＹＯＤＥＮ
E02518,80840,菱電商事株式会社
E02579,80850,ナラサキ産業株式会社
E02688,80860,ニプロ株式会社
E03107,80870,フルサト工業株式会社
E02567,80880,岩谷産業株式会社
E02584,80890,ナイス株式会社
E02564,80900,昭光通商株式会社
E00570,80910,ニチモウ株式会社
E02503,80930,極東貿易株式会社
E02585,80950,アステナホールディングス株式会社
E02585,80950,イワキ株式会社
E03126,80960,兼松エレクトロニクス株式会社
E04331,80970,三愛石油株式会社
E04331,80970,三愛オブリ株式会社
E02517,80980,稲畑産業株式会社
E02549,81010,株式会社ＧＳＩクレオス
E02563,81030,明和産業株式会社
E02610,81040,クワザワホールディングス株式会社
E02627,81050,堀田丸正株式会社
E02627,81050,Ｂｉｔｃｏｉｎ　Ｊａｐａｎ株式会社
E02628,81070,株式会社キムラタン
E02612,81080,ヤマエ久野株式会社
E00603,81110,株式会社ゴールドウイン
E00678,81130,ユニ・チャーム株式会社
E00601,81140,株式会社デサント
E02639,81150,ムーンバット株式会社
E02642,81170,中央自動車工業株式会社
E02645,81180,株式会社　キング
E02647,81190,株式会社三栄コーポレーション
E02650,81230,川辺株式会社
E02618,81250,株式会社ワキタ
E00600,81270,ヤマトインターナショナル株式会社
E02608,81290,東邦ホールディングス株式会社
E03071,81300,株式会社サンゲツ
E01074,81310,株式会社ミツウロコグループホールディングス
E01075,81320,シナネンホールディングス株式会社
E02643,81330,伊藤忠エネクス株式会社
E03076,81350,ゼット株式会社
E02655,81360,株式会社サンリオ
E02656,81370,サンワテクノス株式会社
E02658,81380,三京化成株式会社
E02660,81390,株式会社ナガホリ
E02663,81400,株式会社リョーサン
E02664,81410,新光商事株式会社
E02665,81420,株式会社トーホー
E00605,81430,株式会社ラピーヌ
E02666,81440,株式会社デンキョーグループホールディングス
E02666,81440,株式会社電響社
E02646,81450,中部水産株式会社
E02668,81470,株式会社トミタ
E02671,81500,三信電気株式会社
E02672,81510,株式会社東陽テクニカ
E02673,81520,ソマール株式会社
E02675,81530,株式会社モスフードサービス
E02676,81540,加賀電子株式会社
E02677,81550,三益半導体工業株式会社
E00157,81570,都築電気株式会社
E02635,81580,ソーダニッカ株式会社
E02678,81590,株式会社立花エレテック
E03121,81600,株式会社　木曽路
E03090,81630,ＳＲＳホールディングス株式会社
E03092,81650,株式会社千趣会
E03093,81660,株式会社タカキュー
E03094,81670,株式会社リテールパートナーズ
E03096,81680,株式会社ケーヨー
E03052,81730,株式会社Ｊｏｓｈｉｎ
E03052,81730,上新電機株式会社
E03051,81740,日本瓦斯株式会社
E04783,81790,ロイヤルホールディングス株式会社
E04784,81810,株式会社東天紅
E03064,81820,株式会社いなげや
E03074,81840,株式会社島忠
E03077,81850,株式会社チヨダ
E03078,81860,株式会社大塚家具
E03072,81900,株式会社ヤマナカ
E03083,81940,株式会社ライフコーポレーション
E03087,81980,マックスバリュ東海株式会社
E03099,82000,株式会社リンガーハット
E03101,82020,ラオックスホールディングス株式会社
E03101,82020,ラオックス株式会社
E03103,82030,株式会社ミスターマックス・ホールディングス
E03108,82070,テンアライド株式会社
E03109,82080,株式会社エンチョー
E03110,82090,株式会社フレンドリー
E03116,82140,株式会社ＡＯＫＩホールディングス
E03117,82150,株式会社銀座山形屋
E03119,82170,株式会社オークワ
E03120,82180,株式会社コメリ
E03124,82190,青山商事株式会社
E02787,82250,株式会社タカチホ
E02699,82260,株式会社　理経
E03137,82270,株式会社しまむら
E02698,82280,株式会社マルイチ産商
E03134,82300,株式会社はせがわ
E03013,82330,株式会社髙島屋
E03017,82370,株式会社松屋
E03020,82420,エイチ・ツー・オー　リテイリング株式会社
E03021,82440,株式会社近鉄百貨店
E03025,82470,株式会社大和
E02696,82490,株式会社テクノアソシエ
E03040,82520,株式会社　丸井グループ
E03041,82530,株式会社クレディセゾン
E03044,82540,株式会社さいか屋
E03133,82550,アクシアル　リテイリング株式会社
E02695,82560,株式会社プロルート丸光
E03024,82570,株式会社　山陽百貨店
E03032,82600,株式会社井筒屋
E03061,82670,イオン株式会社
E03068,82730,株式会社イズミ
E02693,82750,株式会社フォーバル
E03081,82760,株式会社　平和堂
E03118,82780,株式会社フジ
E03127,82790,株式会社ヤオコー
E03129,82810,ゼビオホールディングス株式会社
E03128,82820,株式会社ケーズホールディングス
E02691,82830,株式会社ＰＡＬＴＡＣ
E02692,82850,三谷産業株式会社
E03130,82870,マックスバリュ西日本株式会社
E03132,82890,株式会社Ｏｌｙｍｐｉｃグループ
E02544,82910,日産東京販売ホールディングス株式会社
E02514,82930,株式会社ＡＴグループ
E02690,82980,株式会社ファミリー
E03530,83030,株式会社ＳＢＩ新生銀行
E03530,83030,株式会社新生銀行
E03531,83040,株式会社あおぞら銀行
E03606,83060,株式会社三菱ＵＦＪフィナンシャル・グループ
E03610,83080,株式会社　りそなホールディングス
E03611,83090,三井住友トラスト・ホールディングス株式会社
E03611,83090,三井住友トラストグループ株式会社
E03614,83160,株式会社三井住友フィナンシャルグループ
E03556,83310,株式会社千葉銀行
E03554,83340,株式会社　群馬銀行
E03555,83360,株式会社武蔵野銀行
E03557,83370,株式会社千葉興業銀行
E03552,83380,株式会社筑波銀行
E03545,83410,株式会社七十七銀行
E03542,83420,株式会社青森銀行
E03546,83430,株式会社秋田銀行
E03549,83440,株式会社山形銀行
E03543,83450,株式会社岩手銀行
E03550,83460,株式会社東邦銀行
E03544,83490,株式会社　東北銀行
E03601,83500,株式会社　みちのく銀行
E03624,83540,株式会社ふくおかフィナンシャルグループ
E03570,83550,株式会社静岡銀行
E03569,83560,株式会社十六銀行
E03571,83580,スルガ銀行株式会社
E03563,83590,株式会社八十二銀行
E03563,83590,株式会社八十二長野銀行
E03562,83600,株式会社　山梨中央銀行
E03568,83610,株式会社　大垣共立銀行
E03567,83620,株式会社福井銀行
E03566,83630,株式会社　北國銀行
E03572,83640,株式会社清水銀行
E03565,83650,株式会社　富山銀行
E03575,83660,株式会社滋賀銀行
E03580,83670,株式会社南都銀行
E03574,83680,株式会社　百五銀行
E03576,83690,株式会社京都銀行
E03581,83700,株式会社紀陽銀行
E03618,83770,株式会社ほくほくフィナンシャルグループ
E03583,83810,株式会社山陰合同銀行
E03584,83820,株式会社中国銀行
E03582,83830,株式会社　鳥取銀行
E03589,83850,株式会社伊予銀行
E03588,83860,株式会社百十四銀行
E03590,83870,株式会社四国銀行
E03587,83880,株式会社阿波銀行
E03596,83920,株式会社大分銀行
E03597,83930,株式会社宮崎銀行
E03599,83950,株式会社佐賀銀行
E03603,83970,株式会社沖縄銀行
E03592,83980,株式会社筑邦銀行
E03602,83990,株式会社琉球銀行
E03623,84100,株式会社セブン銀行
E03615,84110,株式会社みずほフィナンシャルグループ
E03664,84160,株式会社高知銀行
E03622,84180,株式会社山口フィナンシャルグループ
E03729,84210,信金中央金庫
E05438,84240,芙蓉総合リース株式会社
E05426,84250,みずほリース株式会社
E05346,84390,東京センチュリー株式会社
E03727,84620,フューチャーベンチャーキャピタル株式会社
E05159,84730,ＳＢＩホールディングス株式会社
E03724,85080,Ｊトラスト株式会社
E03688,85110,日本証券金融株式会社
E03721,85150,アイフル株式会社
E03695,85180,日本アジア投資株式会社
E03684,85210,株式会社長野銀行
E03652,85220,株式会社　名古屋銀行
E03632,85240,株式会社北洋銀行
E03651,85270,株式会社愛知銀行
E03653,85300,株式会社中京銀行
E03645,85370,株式会社大光銀行
E03666,85400,株式会社福岡中央銀行
E03663,85410,株式会社　愛媛銀行
E03678,85420,株式会社トマト銀行
E03641,85440,株式会社　京葉銀行
E03639,85500,株式会社　栃木銀行
E03634,85510,株式会社　北日本銀行
E03670,85540,株式会社南日本銀行
E03640,85580,株式会社東和銀行
E03673,85590,株式会社豊和銀行
E03669,85600,株式会社　宮崎太陽銀行
E03637,85620,株式会社　福島銀行
E03674,85630,株式会社大東銀行
E04946,85660,リコーリース株式会社
E04912,85700,イオンフィナンシャルサービス株式会社
E03693,85720,アコム株式会社
E04768,85840,株式会社ジャックス
E04775,85850,株式会社オリエントコーポレーション
E04779,85860,日立キャピタル株式会社
E04762,85910,オリックス株式会社
E04788,85930,三菱ＵＦＪリース株式会社
E04788,85930,三菱ＨＣキャピタル株式会社
E04801,85940,中道リース株式会社
E04806,85950,ジャフコ　グループ株式会社
E04821,85960,株式会社九州リースサービス
E23820,86000,トモニホールディングス株式会社
E03753,86010,株式会社大和証券グループ本社
E03752,86040,野村ホールディングス株式会社
E03756,86090,株式会社岡三証券グループ
E03760,86130,丸三証券株式会社
E03768,86140,東洋証券株式会社
E03764,86160,東海東京フィナンシャル・ホールディングス株式会社
E03793,86170,光世証券株式会社
E03762,86220,水戸証券株式会社
E03772,86240,いちよし証券株式会社
E03807,86280,松井証券株式会社
E23924,86300,ＳＯＭＰＯホールディングス株式会社
E03814,86970,株式会社日本取引所グループ
E03815,86980,マネックスグループ株式会社
E03770,86990,澤田ホールディングス株式会社
E03770,86990,ＨＳホールディングス株式会社
E03792,87000,丸八証券株式会社
E03819,87040,トレイダーズホールディングス株式会社
E03739,87050,日産証券グループ株式会社
E03739,87050,岡藤日産証券ホールディングス株式会社
E03784,87060,極東証券株式会社
E03788,87070,岩井コスモホールディングス株式会社
E03763,87080,藍澤證券株式会社
E03763,87080,アイザワ証券グループ株式会社
E23187,87130,フィデアホールディングス株式会社
E23250,87140,株式会社池田泉州ホールディングス
E24073,87150,アニコム　ホールディングス株式会社
E03854,87250,ＭＳ＆ＡＤインシュアランスグループホールディングス株式会社
E05714,87290,ソニーフィナンシャルグループ株式会社
E03747,87320,株式会社マネーパートナーズグループ
E03733,87370,株式会社あかつき本社
E05242,87390,スパークス・グループ株式会社
E03728,87400,フジトミ証券株式会社
E03728,87400,株式会社フジトミ
E03723,87420,株式会社小林洋行
E03717,87460,第一商品株式会社
E03717,87460,ｕｎｂａｎｋｅｄ株式会社
E03717,87460,ＵＮＢＡＮＫＥＤ株式会社
E03716,87470,豊トラスティ証券株式会社
E06141,87500,第一生命ホールディングス株式会社
E06141,87500,株式会社第一ライフグループ
E03847,87660,東京海上ホールディングス株式会社
E05648,87690,株式会社アドバンテッジリスクマネジメント
E05665,87710,イー・ギャランティ株式会社
E03746,87720,株式会社アサックス
E03740,87830,ａｂｃ株式会社
E03740,87830,ＧＦＡ株式会社
E05492,87890,フィンテック　グローバル株式会社
E05462,87930,ＮＥＣキャピタルソリューション株式会社
E03851,87950,株式会社Ｔ＆Ｄホールディングス
E05280,87980,株式会社アドバンスクリエイト
E03855,88010,三井不動産株式会社
E03856,88020,三菱地所株式会社
E03858,88030,平和不動産株式会社
E03859,88040,東京建物株式会社
E03861,88060,ダイビル株式会社
E03867,88180,京阪神ビルディング株式会社
E03907,88300,住友不動産株式会社
E00034,88350,太平洋興発株式会社
E00165,88360,株式会社ＲＩＳＥ
E00926,88410,株式会社テーオーシー
E04590,88420,株式会社東京楽天地
E04590,88420,株式会社　東京楽天地
E03938,88440,株式会社コスモスイニシア
E03943,88480,株式会社レオパレス２１
E03945,88500,スターツコーポレーション株式会社
E03948,88540,株式会社日住サービス
E03953,88600,フジ住宅株式会社
E03958,88640,空港施設株式会社
E03967,88690,明和地所株式会社
E03971,88710,株式会社ゴールドクレスト
E05047,88760,株式会社リログループ
E03977,88770,エスリード株式会社
E03984,88810,株式会社日神グループホールディングス
E03988,88860,株式会社ウッドフレンズ
E03989,88870,株式会社クミカ
E03989,88870,リベレステ株式会社
E03989,88870,株式会社シーラホールディングス
E05174,88890,ＡＰＡＭＡＮ株式会社
E05179,88900,株式会社レーサム
E03991,88910,株式会社エムジーホーム
E03991,88910,ＡＭＧホールディングス株式会社
E03992,88920,株式会社エスコン
E03992,88920,株式会社日本エスコン
E03994,88930,株式会社新日本建物
E03993,88940,株式会社ＲＥＶＯＬＵＴＩＯＮ
E03997,88970,株式会社タカラレーベン
E03997,88970,ＭＩＲＡＲＴＨホールディングス株式会社
E05238,88980,株式会社センチュリー２１・ジャパン
E04001,89030,株式会社サンウッド
E00311,89040,株式会社ＡＶＡＮＴＩＡ
E04002,89050,イオンモール株式会社
E05313,89080,株式会社毎日コムネット
E04005,89090,株式会社シノケングループ
E04008,89120,株式会社エリアクエスト
E04011,89140,エリアリンク株式会社
E04013,89170,ファースト住建株式会社
E04015,89180,株式会社ランド
E33622,89190,株式会社カチタス
E04018,89200,株式会社　東　祥
E04020,89220,日本アセットマーケティング株式会社
E04021,89230,トーセイ株式会社
E04023,89250,株式会社アルデプロ
E04024,89270,株式会社明豊エンタープライズ
E04025,89280,穴吹興産株式会社
E05407,89290,株式会社青山財産ネットワークス
E04029,89310,和田興産株式会社
E04031,89340,サンフロンティア不動産株式会社
E04032,89350,株式会社エフ・ジェー・ネクスト
E04032,89350,株式会社ＦＪネクストホールディングス
E04034,89380,グローム・ホールディングス株式会社
E04036,89400,株式会社インテリックス
E04038,89440,株式会社ランドビジネス
E05505,89450,サンネクスタグループ株式会社
E04039,89460,株式会社ＡＳＩＡＮ　ＳＴＡＲ
E04049,89950,株式会社誠建設工業
E04048,89960,株式会社ハウスフリーダム
E04044,89990,グランディハウス株式会社
E04094,90010,東武鉄道株式会社
E04097,90030,相鉄ホールディングス株式会社
E04090,90050,東急株式会社
E04089,90060,京浜急行電鉄株式会社
E04088,90070,小田急電鉄株式会社
E04092,90080,京王電鉄株式会社
E04091,90090,京成電鉄株式会社
E04093,90100,富士急行株式会社
E04136,90120,秩父鉄道株式会社
E04098,90140,新京成電鉄株式会社
E04155,90170,新潟交通株式会社
E04147,90200,東日本旅客鉄道株式会社
E04148,90210,西日本旅客鉄道株式会社
E04149,90220,東海旅客鉄道株式会社
E04153,90230,東京地下鉄株式会社
E04154,90240,株式会社西武ホールディングス
E04341,90250,鴻池運輸株式会社
E04232,90270,株式会社ロジネットジャパン
E04230,90280,株式会社ゼロ
E04228,90290,株式会社ヒガシホールディングス
E04228,90290,株式会社ヒガシトゥエンティワン
E04110,90310,西日本鉄道株式会社
E04123,90330,広島電鉄株式会社
E04223,90340,南総通運株式会社
E04222,90350,第一交通産業株式会社
E04221,90360,東部ネットワーク株式会社
E04220,90370,株式会社ハマキョウレックス
E04218,90390,株式会社サカイ引越センター
E04217,90400,大宝運輸株式会社
E04102,90410,近鉄グループホールディングス株式会社
E04103,90420,阪急阪神ホールディングス株式会社
E04106,90440,南海電気鉄道株式会社
E04106,90440,株式会社ＮＡＮＫＡＩ
E04105,90450,京阪ホールディングス株式会社
E04109,90460,神戸電鉄株式会社
E04101,90480,名古屋鉄道株式会社
E04108,90490,京福電気鉄道株式会社
E04215,90510,センコン物流株式会社
E04125,90520,山陽電気鉄道株式会社
E04211,90550,株式会社アルプス物流
E04209,90570,遠州トラック株式会社
E04208,90580,トランコム株式会社
E04194,90590,カンダホールディングス株式会社
E04206,90600,日本ロジテム株式会社
E04319,90620,日本通運株式会社
E04195,90630,岡山県貨物運送株式会社
E04187,90640,ヤマトホールディングス株式会社
E04324,90650,山九株式会社
E04320,90660,株式会社日新
E04182,90670,株式会社丸運
E04178,90680,丸全昭和運輸株式会社
E04179,90690,センコーグループホールディングス株式会社
E04185,90700,トナミホールディングス株式会社
E04191,90720,ニッコンホールディングス株式会社
E04197,90730,京極運輸商事株式会社
E04327,90740,日本石油輸送株式会社
E04334,90750,福山通運株式会社
E04198,90760,セイノーホールディングス株式会社
E04180,90770,名鉄運輸株式会社
E04199,90780,株式会社エスライングループ本社
E04199,90780,株式会社エスライン
E04158,90810,神奈川中央交通株式会社
E04159,90820,大和自動車交通株式会社
E04160,90830,神姫バス株式会社
E04161,90850,北海道中央バス株式会社
E04111,90860,株式会社日立物流
E04354,90870,タカセ株式会社
E30443,90900,株式会社丸和運輸機関
E30443,90900,ＡＺ－ＣＯＭ丸和ホールディングス株式会社
E31635,90990,株式会社Ｃ＆Ｆロジホールディングス
E04235,91010,日本郵船株式会社
E04237,91070,川崎汽船株式会社
E04239,91100,ＮＳユナイテッド海運株式会社
E04242,91150,明海グループ株式会社
E04242,91150,明治海運株式会社
E04243,91190,飯野海運株式会社
E04246,91270,玉井商船株式会社
E04251,91300,共栄タンカー株式会社
E32679,91420,九州旅客鉄道株式会社
E32292,91430,ＳＧホールディングス株式会社
E36140,91450,株式会社ビーイングホールディングス
E36706,91470,ＮＩＰＰＯＮ　ＥＸＰＲＥＳＳホールディングス株式会社
E37214,91580,株式会社シーユーシー
E38687,91590,株式会社Ｗ　ＴＯＫＹＯ
E32664,91600,株式会社ノバレーゼ
E32664,91600,株式会社オンザページ
E38017,91610,ＩＤ＆Ｅホールディングス株式会社
E38698,91620,株式会社ブリーチ
E38728,91630,株式会社ナレルグループ
E37764,91640,株式会社トライト
E38693,91650,株式会社クオルテック
E38739,91660,株式会社ＧＥＮＤＡ
E38895,91680,株式会社ライズ・コンサルティング・グループ
E38906,91700,成友興業株式会社
E04254,91710,栗林商船株式会社
E04256,91730,東海汽船株式会社
E04244,91760,佐渡汽船株式会社
E04269,91790,川崎近海汽船株式会社
E04336,91930,東京汽船株式会社
E04272,92010,日本航空株式会社
E04273,92020,ＡＮＡホールディングス株式会社
E38082,92040,スカイマーク株式会社
E26084,92060,株式会社スターフライヤー
E37176,92110,株式会社エフ・コード
E37153,92120,Ｇｒｅｅｎ　Ｅａｒｔｈ　Ｉｎｓｔｉｔｕｔｅ株式会社
E37304,92130,株式会社セイファート
E37292,92140,Ｒｅｃｏｖｅｒｙ　Ｉｎｔｅｒｎａｔｉｏｎａｌ株式会社
E37432,92150,株式会社ＣａＳｙ
E37399,92160,ビーウィズ株式会社
E37508,92180,株式会社メンタルヘルステクノロジーズ
E37546,92190,株式会社ギックス
E37523,92200,エフビー介護サービス株式会社
E37560,92210,フルハシＥＰＯ株式会社
E35797,92230,株式会社ＡＳＮＯＶＡ
E37810,92250,ブリッジコンサルティンググループ株式会社
E37740,92270,マイクロ波化学株式会社
E37719,92290,株式会社サンウェルズ
E04340,92320,株式会社パスコ
E04275,92330,アジア航測株式会社
E36421,92350,売れるネット広告社グループ株式会社
E36421,92350,株式会社売れるネット広告社
E39008,92360,ジャパンＭ＆Ａソリューション株式会社
E38969,92370,株式会社笑美面
E39089,92380,バリュークリエーション株式会社
E36711,92400,株式会社デリバリーコンサルティング
E36801,92410,株式会社フューチャーリンクネットワーク
E36886,92420,メディア総研株式会社
E36961,92440,株式会社デジタリフト
E36883,92450,株式会社リベロ
E36896,92460,株式会社プロジェクトカンパニー
E36896,92460,株式会社プロジェクトホールディングス
E36751,92470,ＴＲＥホールディングス株式会社
E36223,92480,人・夢・技術グループ株式会社
E36968,92490,日本エコシステム株式会社
E36988,92500,株式会社ＧＲＣＳ
E37038,92510,株式会社ＡＢ＆Ｃｏｍｐａｎｙ
E37098,92520,株式会社ラストワンマイル
E37006,92530,スローガン株式会社
E37159,92540,株式会社ラバブルマーケティンググループ
E37221,92560,株式会社サクシード
E37220,92570,ＹＣＰホールディングス（グローバル）リミテッド
E37199,92580,株式会社ＣＳ－Ｃ
E37197,92590,株式会社タカヨシ
E37197,92590,株式会社タカヨシホールディングス
E33381,92600,西本Ｗｉｓｍｅｔｔａｃホールディングス株式会社
E33282,92620,株式会社シルバーライフ
E33346,92630,株式会社ビジョナリーホールディングス
E33514,92640,ポエック株式会社
E33393,92650,ヤマシタヘルスケアホールディングス株式会社
E33570,92660,株式会社　一家ダイニングプロジェクト
E33416,92670,Ｇｅｎｋｙ　ＤｒｕｇＳｔｏｒｅｓ株式会社
E33616,92680,株式会社オプティマスグループ
E33807,92700,バリュエンスホールディングス株式会社
E33858,92710,株式会社和心
E33882,92720,ブティックス株式会社
E34071,92730,コーア商事ホールディングス株式会社
E02516,92740,国際紙パルプ商事株式会社
E02516,92740,ＫＰＰグループホールディングス株式会社
E34249,92750,株式会社ナルミヤ・インターナショナル
E34102,92780,ブックオフグループホールディングス株式会社
E34336,92790,株式会社ギフト
E34336,92790,株式会社ギフトホールディングス
E04283,93010,三菱倉庫株式会社
E04284,93020,三井倉庫ホールディングス株式会社
E04285,93030,株式会社住友倉庫
E04286,93040,澁澤倉庫株式会社
E04291,93050,株式会社ヤマタネ
E04287,93060,東陽倉庫株式会社
E04294,93070,株式会社杉村倉庫
E04288,93080,乾汽船株式会社
E04289,93100,日本トランスシティ株式会社
E04323,93110,アサガミ株式会社
E04293,93120,ケイヒン株式会社
E04296,93130,丸八倉庫株式会社
E04298,93180,アジア開発キャピタル株式会社
E04304,93190,株式会社中央倉庫
E04317,93220,川西倉庫株式会社
E04290,93240,安田倉庫株式会社
E32990,93250,ファイズホールディングス株式会社
E35493,93260,関通ホールディングス株式会社
E35493,93260,株式会社関通
E36405,93270,株式会社イー・ロジット
E38849,93300,株式会社揚羽
E38651,93310,株式会社キャスター
E38723,93320,ＮＩＳＳＯホールディングス株式会社
E38148,93360,大栄環境株式会社
E38162,93370,株式会社トリドリ
E38192,93380,株式会社ＩＮＦＯＲＩＣＨ
E38178,93390,株式会社コーチ・エィ
E38139,93400,株式会社アソインターナショナル
E38215,93410,株式会社ＧＥＮＯＶＡ
E38200,93420,株式会社スマサポ
E38440,93430,株式会社アイビス
E38452,93440,アクシスコンサルティング株式会社
E38450,93450,ビズメイツ株式会社
E36393,93460,株式会社ココルポート
E37788,93470,日本管財ホールディングス株式会社
E37584,93480,株式会社ｉｓｐａｃｅ
E04321,93510,東洋埠頭株式会社
E04322,93530,櫻島埠頭株式会社
E04326,93550,株式会社リンコーコーポレーション
E04328,93570,名港海運株式会社
E04335,93580,株式会社宇徳
E04330,93590,伊勢湾海運株式会社
E04337,93600,鈴与シンワート株式会社
E04339,93610,伏木海陸運送株式会社
E04342,93620,兵機海運株式会社
E04247,93630,株式会社大運
E04345,93640,株式会社上組
E04346,93650,トレーディア株式会社
E04353,93660,株式会社サンリツ
E04356,93670,大東港運株式会社
E04357,93680,キムラユニティー株式会社
E04213,93690,株式会社キユーソー流通システム
E04364,93750,株式会社近鉄エクスプレス
E04365,93760,株式会社ユーラシア旅行社
E04366,93770,株式会社　エージーピー
E04329,93800,東海運株式会社
E04369,93810,株式会社エーアイテイー
E21799,93840,内外トランスライン株式会社
E21815,93850,株式会社ショーエイコーポレーション
E26869,93860,日本コンセプト株式会社
E33610,93880,株式会社パパネッツ
E05951,93990,ビート・ホールディングス・リミテッド　（貝德控股有限公司、Ｂｅａｔ　Ｈｏｌｄｉｎｇｓ　Ｌｉｍｉｔｅｄ）
E04375,94010,株式会社ＴＢＳホールディングス
E04376,94020,中部日本放送株式会社
E04410,94040,日本テレビホールディングス株式会社
E04380,94050,朝日放送グループホールディングス株式会社
E04382,94070,株式会社ＲＫＢ毎日ホールディングス
E04399,94080,株式会社　新潟放送
E04399,94080,株式会社ＢＳＮメディアホールディングス
E04414,94090,株式会社テレビ朝日ホールディングス
E04497,94120,株式会社スカパーＪＳＡＴホールディングス
E04497,94120,スカパーＪＳＡＴ株式会社
E24545,94130,株式会社テレビ東京ホールディングス
E30454,94140,日本ＢＳ放送株式会社
E30010,94160,株式会社ビジョン
E31524,94170,株式会社スマートバリュー
E31052,94180,株式会社ＵＳＥＮ－ＮＥＸＴ　ＨＯＬＤＩＮＧＳ
E31052,94180,株式会社Ｕ－ＮＥＸＴ　ＨＯＬＤＩＮＧＳ
E26675,94190,株式会社ワイヤレスゲート
E05570,94210,株式会社エヌジェイホールディングス
E05547,94220,コネクシオ株式会社
E05528,94230,株式会社フォーバル・リアルストレート
E04473,94240,日本通信株式会社
E05481,94250,日本テレホン株式会社
E05481,94250,ＲｅＹｕｕ　Ｊａｐａｎ株式会社
E05504,94280,株式会社クロップス
E04430,94320,日本電信電話株式会社
E04430,94320,ＮＴＴ株式会社
E04425,94330,ＫＤＤＩ株式会社
E04426,94340,ソフトバンク株式会社
E04948,94350,株式会社光通信
E04460,94360,沖縄セルラー電話株式会社
E05049,94380,株式会社エムティーアイ
E05055,94390,株式会社エム・エイチ・グループ
E03342,94410,株式会社ベルパーク
E05137,94440,株式会社トーシンホールディングス
E04476,94450,株式会社フォーバルテレコム
E05181,94460,株式会社サカイホールディングス
E05041,94490,ＧＭＯインターネット株式会社
E05041,94490,ＧＭＯインターネットグループ株式会社
E33839,94500,株式会社ファイバーゲート
E32198,94660,株式会社アイドママーケティングコミュニケーション
E30908,94670,株式会社アルファポリス
E30731,94680,株式会社ＫＡＤＯＫＡＷＡ
E00707,94700,株式会社学研ホールディングス
E00709,94710,株式会社文溪堂
E00717,94740,株式会社ゼンリン
E00721,94750,株式会社昭文社ホールディングス
E00723,94760,株式会社中央経済社ホールディングス
E00728,94780,ＳＥホールディングス・アンド・インキュベーションズ株式会社
E00733,94790,株式会社インプレスホールディングス
E04498,95010,東京電力ホールディングス株式会社
E04502,95020,中部電力株式会社
E04499,95030,関西電力株式会社
E04504,95040,中国電力株式会社
E04503,95050,北陸電力株式会社
E04501,95060,東北電力株式会社
E04505,95070,四国電力株式会社
E04506,95080,九州電力株式会社
E04500,95090,北海道電力株式会社
E04509,95110,沖縄電力株式会社
E04510,95130,電源開発株式会社
E05470,95140,株式会社エフオン
E31065,95170,イーレックス株式会社
E32967,95190,株式会社レノバ
E37205,95220,リニューアブル・ジャパン株式会社
E04514,95310,東京瓦斯株式会社
E04520,95320,大阪瓦斯株式会社
E04517,95330,東邦瓦斯株式会社
E04511,95340,北海道瓦斯株式会社
E04521,95350,広島ガス株式会社
E04523,95360,西部瓦斯株式会社
E04523,95360,西部ガスホールディングス株式会社
E04519,95370,北陸瓦斯株式会社
E04515,95390,京葉瓦斯株式会社
E04516,95430,静岡ガス株式会社
E31064,95510,メタウォーター株式会社
E37733,95520,株式会社Ｍ＆Ａ総研ホールディングス
E37733,95520,株式会社クオンツ総研ホールディングス
E37733,95520,株式会社Ｍ＆Ａ総合研究所
E37742,95530,株式会社マイクロアド
E37744,95540,株式会社ＡＶｉＣ
E37779,95560,ＩＮＴＬＯＯＰ株式会社
E37796,95570,株式会社エアークローゼット
E37911,95580,ジャパニアス株式会社
E37936,95600,株式会社プログリット
E37979,95610,株式会社グラッドキューブ
E37957,95620,ビジネスコーチ株式会社
E37985,95630,Ａｔｌａｓ　Ｔｅｃｈｎｏｌｏｇｉｅｓ株式会社
E38007,95640,株式会社ＦＣＥ
E38007,95640,株式会社ＦＣＥ　Ｈｏｌｄｉｎｇｓ
E38155,95650,ＧＬＯＥ株式会社
E38155,95650,ウェルプレイド・ライゼスト株式会社
E04919,96000,株式会社アイネット
E04582,96010,松竹株式会社
E04583,96020,東宝株式会社
E04358,96030,株式会社エイチ・アイ・エス
E04585,96050,東映株式会社
E04916,96100,ウィルソン・ラーニング　ワールドワイド株式会社
E04914,96120,株式会社ラックランド
E04911,96130,株式会社エヌ・ティ・ティ・データ
E04911,96130,株式会社ＮＴＴデータグループ
E04908,96160,株式会社共立メンテナンス
E04904,96190,株式会社イチネンホールディングス
E04903,96210,株式会社建設技術研究所
E04902,96220,株式会社スペース
E04900,96240,株式会社長大
E04899,96250,株式会社セレスポ
E04896,96270,株式会社アインホールディングス
E04895,96280,燦ホールディングス株式会社
E04894,96290,ピー・シー・エー株式会社
E04588,96310,株式会社東急レクリエーション
E04599,96320,スバル興業株式会社
E04589,96330,東京テアトル株式会社
E04591,96350,武蔵野興業株式会社
E04592,96360,株式会社きんえい
E04593,96370,オーエス株式会社
E04890,96390,三協フロンテア株式会社
E04889,96400,株式会社セゾン情報システムズ
E04889,96400,株式会社セゾンテクノロジー
E04888,96410,サコス株式会社
E04596,96430,中日本興業株式会社
E04887,96440,株式会社タナベ経営
E04887,96440,株式会社タナベコンサルティンググループ
E04884,96470,株式会社協和コンサルタンツ
E04873,96510,日本プロセス株式会社
E04693,96560,グリーンランドリゾート株式会社
E04869,96580,株式会社ビジネスブレイン太田昭和
E04606,96610,株式会社歌舞伎座
E04867,96630,株式会社ナガワ
E04609,96640,株式会社御園座
E04602,96710,株式会社よみうりランド
E04603,96720,東京都競馬株式会社
E00033,96750,常磐興産株式会社
E04862,96780,株式会社カナモト
E04691,96790,ホウライ株式会社
E04605,96810,株式会社東京ドーム
E04861,96820,株式会社ＤＴＳ
E04859,96840,株式会社スクウェア・エニックス・ホールディングス
E04858,96850,ＫＹＣＯＭホールディングス株式会社
E04857,96860,東洋テック株式会社
E04856,96870,株式会社ＫＳＫ
E04855,96910,株式会社両毛システムズ
E04853,96920,株式会社シーイーシー
E04576,96950,株式会社鴨川グランドホテル
E04850,96960,株式会社ウィザス
E02417,96970,株式会社カプコン
E04849,96980,株式会社クレオ
E04848,96990,ニシオホールディングス株式会社
E04848,96990,西尾レントオール株式会社
E04535,97010,株式会社東京會舘
E04846,97020,株式会社アイ・エス・ビー
E04538,97040,株式会社アゴーラホスピタリティーグループ
E04538,97040,株式会社アゴーラ・ホスピタリティー・グループ
E03863,97060,日本空港ビルデング株式会社
E04844,97070,株式会社ユニマット　リタイアメント・コミュニティ
E04539,97080,株式会社帝国ホテル
E04841,97090,ＮＣＳ＆Ａ株式会社
E04540,97130,株式会社ロイヤルホテル
E04837,97150,トランス・コスモス株式会社
E04835,97160,株式会社乃村工藝社
E04834,97170,株式会社ジャステック
E04830,97190,ＳＣＳＫ株式会社
E04566,97200,株式会社ホテル、ニューグランド
E04560,97220,藤田観光株式会社
E04550,97230,株式会社京都ホテル
E04348,97260,ＫＮＴ－ＣＴホールディングス株式会社
E04828,97280,日本管財株式会社
E04826,97290,株式会社トーカイ
E04754,97310,株式会社白洋舍
E04824,97330,株式会社ナガセ
E04763,97340,株式会社精養軒
E04773,97350,セコム株式会社
E04952,97390,日本システムウエア株式会社
E04952,97390,ＮＳＷ株式会社
E04799,97400,セントラル警備保障株式会社
E04803,97420,株式会社アイネス
E00208,97430,株式会社丹青社
E04804,97440,株式会社メイテックグループホールディングス
E04804,97440,株式会社メイテック
E04807,97460,株式会社　ＴＫＣ
E04810,97490,富士ソフト株式会社
E04815,97530,アイエックス・ナレッジ株式会社
E04816,97550,応用地質株式会社
E04817,97570,株式会社船井総研ホールディングス
E04820,97580,ジャパンシステム株式会社
E04822,97590,株式会社ＮＳＤ
E04823,97600,株式会社　進学会ホールディングス
E04800,97610,東海リース株式会社
E04777,97630,丸紅建材リース株式会社
E04777,97630,丸建リース株式会社
E04764,97650,株式会社オオバ
E01956,97660,コナミグループ株式会社
E01956,97660,コナミホールディングス株式会社
E00187,97670,日建工学株式会社
E04795,97680,いであ株式会社
E04796,97690,株式会社学究社
E04950,97760,札幌臨床検査センター株式会社
E04941,97780,株式会社昴
E04944,97800,株式会社ハリマビステム
E04940,97820,株式会社ディーエムエス
E04939,97830,株式会社ベネッセホールディングス
E04874,97870,イオンディライト株式会社
E04934,97880,株式会社ナック
E04933,97900,福井コンピュータホールディングス株式会社
E04932,97910,株式会社ビケンテクノ
E04931,97930,株式会社ダイセキ
E04925,97950,株式会社ステップ
E04924,97970,大日本コンサルタント株式会社
E04920,97990,旭情報サービス株式会社
E02640,98100,日鉄物産株式会社
E03169,98120,株式会社テーオーホールディングス
E02738,98160,株式会社　ストライダーズ
E02739,98180,大丸エナウィン株式会社
E02740,98200,エムティジェネックス株式会社
E03173,98230,株式会社マミーマートホールディングス
E03173,98230,株式会社マミーマート
E02742,98240,泉州電業株式会社
E02743,98270,リリカラ株式会社
E03176,98280,株式会社Ｇｅｎｋｉ　Ｇｌｏｂａｌ　Ｄｉｎｉｎｇ　Ｃｏｎｃｅｐｔｓ
E03176,98280,元気寿司株式会社
E03175,98290,株式会社ながの東急百貨店
E02701,98300,トラスコ中山株式会社
E03139,98310,株式会社ヤマダホールディングス
E03138,98320,株式会社オートバックスセブン
E03141,98350,株式会社ジュンテンドー
E02703,98370,モリト株式会社
E02706,98420,アークランズ株式会社
E02706,98420,アークランドサカモト株式会社
E03144,98430,株式会社ニトリホールディングス
E02708,98450,株式会社パーカーコーポレーション
E03146,98460,株式会社天満屋ストア
E02711,98490,株式会社共同紙販ホールディングス
E03145,98500,株式会社グルメ杵屋
E02712,98520,ＣＢグループマネジメント株式会社
E03147,98530,株式会社銀座ルノアール
E03148,98540,愛眼株式会社
E02714,98560,株式会社ケーユーホールディングス
E02713,98570,英和株式会社
E03153,98610,株式会社吉野家ホールディングス
E02718,98670,ソレキア株式会社
E02719,98690,加藤産業株式会社
E02722,98720,北恵株式会社
E03157,98730,日本ＫＦＣホールディングス株式会社
E03163,98760,株式会社コックス
E03160,98780,株式会社　セキド
E02724,98800,イノテック株式会社
E02735,98820,株式会社イエローハット
E02727,98850,株式会社　シャルレ
E03164,98870,株式会社松屋フーズホールディングス
E02728,98880,株式会社ＵＥＸ
E02729,98890,ＪＢＣＣホールディングス株式会社
E03166,98900,株式会社マキヤ
E01686,98950,株式会社コンセック
E02732,98960,ＪＫホールディングス株式会社
E03178,99000,株式会社サガミホールディングス
E02745,99020,株式会社日伝
E03179,99030,株式会社カンセキ
E03181,99040,株式会社ベリテ
E02747,99060,藤井産業株式会社
E02749,99080,日本電計株式会社
E02750,99090,愛光電気株式会社
E02752,99130,日邦産業株式会社
E02753,99140,株式会社　植松商会
E03184,99190,株式会社関西フードマーケット
E03184,99190,株式会社関西スーパーマーケット
E03186,99270,株式会社ワットマン
E04877,99280,株式会社ミロク情報サービス
E02759,99290,平和紙業株式会社
E01398,99300,北沢産業株式会社
E02760,99320,杉本商事株式会社
E02761,99340,因幡電機産業株式会社
E03193,99360,株式会社王将フードサービス
E02762,99410,太洋物産株式会社
E03196,99420,株式会社ジョイフル
E03200,99450,株式会社プレナス
E03188,99460,ミニストップ株式会社
E03199,99480,株式会社アークス
E03202,99500,株式会社ハチバン
E02765,99550,株式会社ヨンキュウ
E03207,99560,株式会社バローホールディングス
E03208,99590,アシードホールディングス株式会社
E02769,99600,東テク株式会社
E02770,99620,株式会社　ミスミグループ本社
E01297,99640,株式会社アイ・テック
E03211,99660,藤久株式会社
E02772,99670,堺商事株式会社
E03213,99690,株式会社ショクブン
E02774,99720,アルテック株式会社
E02775,99730,株式会社小僧寿し
E02775,99730,ＫＯＺＯホールディングス株式会社
E03216,99740,株式会社ベルク
E03219,99760,株式会社　セキチュー
E03220,99770,株式会社アオキスーパー
E03221,99780,株式会社文教堂グループホールディングス
E03223,99790,株式会社大庄
E00609,99800,ＭＲＫホールディングス株式会社
E02776,99820,タキヒヨー株式会社
E03217,99830,株式会社ファーストリテイリング
E02778,99840,ソフトバンクグループ株式会社
E02779,99860,蔵王産業株式会社
E02780,99870,株式会社スズケン
E03226,99890,株式会社サンドラッグ
E03225,99900,株式会社サックスバーホールディングス
E02782,99910,ジェコス株式会社
E03228,99930,株式会社ヤマザワ
E03227,99940,株式会社やまや
E02785,99950,株式会社グローセル
E02786,99960,株式会社サトー商会
E03229,99970,株式会社ベルーナ
